-3.944049,-38.718803
-3.944051,-38.718803
-3.944095,-38.718803
-3.944048,-38.718815
-3.944055,-38.718807
-3.944021,-38.718769
-3.944056,-38.718872
-3.944086,-38.718838
-3.944089,-38.718819
-3.944101,-38.718876
-3.944147,-38.718822
-3.943961,-38.718872
-3.944033,-38.718769
-3.944066,-38.718826
-3.944070,-38.718822
-3.944069,-38.718830
-3.944042,-38.718815
-3.944047,-38.718803
-3.944054,-38.718807
-3.944077,-38.718811
-3.944039,-38.718807
-3.944043,-38.718803
-3.944034,-38.718803
-3.944028,-38.718803
-3.944030,-38.718815
-3.944045,-38.718807
-3.944028,-38.718800
-3.943998,-38.718765
-3.944003,-38.718796
-3.944029,-38.718750
-3.944019,-38.718727
-3.944036,-38.718731
-3.944015,-38.718784
-3.944022,-38.718796
-3.944074,-38.718822
-3.944037,-38.718826
-3.944049,-38.718861
-3.944039,-38.718861
-3.943968,-38.718742
-3.943995,-38.718750
-3.944033,-38.718792
-3.944049,-38.718746
-3.944108,-38.718838
-3.944073,-38.718811
-3.944016,-38.718803
-3.944041,-38.718792
-3.944085,-38.718838
-3.944005,-38.718784
-3.944021,-38.718872
-3.944057,-38.718872
-3.944105,-38.718864
-3.944121,-38.718868
-3.944094,-38.718838
-3.944102,-38.718815
-3.944093,-38.718803
-3.944061,-38.718830
-3.944072,-38.718853
-3.944015,-38.718822
-3.944019,-38.718822
-3.944033,-38.718838
-3.944013,-38.718899
-3.943940,-38.718884
-3.944007,-38.718857
-3.944015,-38.718826
-3.944034,-38.718826
-3.944020,-38.718796
-3.943996,-38.718800
-3.943999,-38.718807
-3.944008,-38.718792
-3.944025,-38.718788
-3.944042,-38.718800
-3.944035,-38.718811
-3.944035,-38.718807
-3.944033,-38.718803
-3.944035,-38.718788
-3.944022,-38.718788
-3.944044,-38.718815
-3.944101,-38.718861
-3.944002,-38.718838
-3.944041,-38.718792
-3.944064,-38.718807
-3.944037,-38.718807
-3.944031,-38.718822
-3.944050,-38.718849
-3.944066,-38.718826
-3.944055,-38.718830
-3.943977,-38.718811
-3.943984,-38.718811
-3.944000,-38.718803
-3.944044,-38.718758
-3.944050,-38.718796
-3.944045,-38.718811
-3.944052,-38.718807
-3.944047,-38.718807
-3.944049,-38.718792
-3.944058,-38.718765
-3.944077,-38.718864
-3.936479,-38.724171
-3.936486,-38.724205
-3.936471,-38.724201
-3.936444,-38.724163
-3.934936,-38.722416
-3.934920,-38.722317
-3.934986,-38.722286
-3.935011,-38.722256
-3.935020,-38.722225
-3.935030,-38.722244
-3.935042,-38.722279
-3.935049,-38.722237
-3.935054,-38.722336
-3.935071,-38.722340
-3.935096,-38.722370
-3.935111,-38.722393
-3.935111,-38.722393
-3.935111,-38.722397
-3.935111,-38.722385
-3.935112,-38.722389
-3.935058,-38.722340
-3.935121,-38.722454
-3.935111,-38.722439
-3.935112,-38.722389
-3.935112,-38.722370
-3.935111,-38.722340
-3.935104,-38.722263
-3.935092,-38.722149
-3.935121,-38.722160
-3.935117,-38.722179
-3.935103,-38.722210
-3.935100,-38.722252
-3.935101,-38.722275
-3.935097,-38.722244
-3.935098,-38.722229
-3.935099,-38.722195
-3.935217,-38.722507
-3.935181,-38.722549
-3.935112,-38.722378
-3.935126,-38.722527
-3.935143,-38.722649
-3.935156,-38.722546
-3.935129,-38.722603
-3.935102,-38.722424
-3.935024,-38.721905
-3.935027,-38.721958
-3.935031,-38.721985
-3.935133,-38.722607
-3.935038,-38.722126
-3.935038,-38.722145
-3.935037,-38.722145
-3.935035,-38.722248
-3.935026,-38.722229
-3.935021,-38.722210
-3.935039,-38.722179
-3.935040,-38.722176
-3.935036,-38.722153
-3.935037,-38.722149
-3.935035,-38.722164
-3.935037,-38.722191
-3.935034,-38.722218
-3.935039,-38.722244
-3.935048,-38.722195
-3.935050,-38.722195
-3.935043,-38.722206
-3.935026,-38.722191
-3.935027,-38.722195
-3.935029,-38.722214
-3.935038,-38.722218
-3.935054,-38.722225
-3.935012,-38.722214
-3.935024,-38.722225
-3.935029,-38.722218
-3.935994,-38.721878
-3.935997,-38.721897
-3.935914,-38.720898
-3.935929,-38.720879
-3.935925,-38.720867
-3.935932,-38.720860
-3.935935,-38.720829
-3.935947,-38.720776
-3.935953,-38.720745
-3.935962,-38.720718
-3.935958,-38.720730
-3.935965,-38.720718
-3.935961,-38.720718
-3.935965,-38.720722
-3.935960,-38.720760
-3.935963,-38.720741
-3.935932,-38.720840
-3.935975,-38.720757
-3.935973,-38.720715
-3.935976,-38.720692
-3.935981,-38.720634
-3.935978,-38.720631
-3.935975,-38.720726
-3.935970,-38.720570
-3.935973,-38.720608
-3.935957,-38.721138
-3.935959,-38.721493
-3.935971,-38.720764
-3.935963,-38.721550
-3.935900,-38.721451
-3.935893,-38.721394
-3.935899,-38.721325
-3.935897,-38.721260
-3.935892,-38.721214
-3.935923,-38.721233
-3.935932,-38.721489
-3.935948,-38.721607
-3.935944,-38.721523
-3.935957,-38.721554
-3.935961,-38.721523
-3.935947,-38.721500
-3.935940,-38.721424
-3.935935,-38.721386
-3.935942,-38.721371
-3.935905,-38.721241
-3.935895,-38.721069
-3.935890,-38.721363
-3.935904,-38.721474
-3.935946,-38.721600
-3.935940,-38.721478
-3.935953,-38.721638
-3.935985,-38.721691
-3.936010,-38.721680
-3.936045,-38.721607
-3.936050,-38.721577
-3.936057,-38.721531
-3.936059,-38.721508
-3.936053,-38.721458
-3.936040,-38.721352
-3.936037,-38.721298
-3.936025,-38.721176
-3.936026,-38.721634
-3.936023,-38.721149
-3.936012,-38.721054
-3.935998,-38.720840
-3.935990,-38.720768
-3.935985,-38.720722
-3.935980,-38.720692
-3.935974,-38.720654
-3.935974,-38.720654
-3.935967,-38.720657
-3.935999,-38.720901
-3.935982,-38.720657
-3.935975,-38.720661
-3.935975,-38.720654
-3.935975,-38.720654
-3.935974,-38.720646
-3.935973,-38.720654
-3.935969,-38.720646
-3.935963,-38.720638
-3.935970,-38.720863
-3.935978,-38.720665
-3.935965,-38.720852
-3.935975,-38.720837
-3.936008,-38.720825
-3.936055,-38.720833
-3.936039,-38.720833
-3.936041,-38.720829
-3.936021,-38.720829
-3.936004,-38.720833
-3.936009,-38.720829
-3.935998,-38.720825
-3.935982,-38.720821
-3.935980,-38.720821
-3.935981,-38.720810
-3.935989,-38.720802
-3.935992,-38.720776
-3.935991,-38.720772
-3.935996,-38.720760
-3.935999,-38.720730
-3.935994,-38.720722
-3.935978,-38.720730
-3.935965,-38.720730
-3.935960,-38.720737
-3.935973,-38.720737
-3.935987,-38.720737
-3.936004,-38.720791
-3.935974,-38.720757
-3.935968,-38.720764
-3.935981,-38.720749
-3.935959,-38.720783
-3.935954,-38.720772
-3.935966,-38.720768
-3.935976,-38.720737
-3.935984,-38.720703
-3.935988,-38.720703
-3.935982,-38.720722
-3.935978,-38.720749
-3.935981,-38.720730
-3.935974,-38.720715
-3.935971,-38.720711
-3.935966,-38.720703
-3.935961,-38.720703
-3.935957,-38.720703
-3.935966,-38.720711
-3.935970,-38.720722
-3.935971,-38.720737
-3.935971,-38.720737
-3.935973,-38.720749
-3.935977,-38.720730
-3.935986,-38.720764
-3.935989,-38.720772
-3.935986,-38.720768
-3.935979,-38.720772
-3.935973,-38.720768
-3.935966,-38.720772
-3.935961,-38.720791
-3.935968,-38.720802
-3.935965,-38.720791
-3.935953,-38.720798
-3.935952,-38.720787
-3.935966,-38.720791
-3.935948,-38.720768
-3.935947,-38.720753
-3.935952,-38.720760
-3.935952,-38.720760
-3.935950,-38.720757
-3.935943,-38.720753
-3.935958,-38.720802
-3.935939,-38.720692
-3.935942,-38.720688
-3.935944,-38.720707
-3.935935,-38.720669
-3.935937,-38.720638
-3.935935,-38.720627
-3.935902,-38.720619
-3.935943,-38.720699
-3.935912,-38.720627
-3.935905,-38.720627
-3.935904,-38.720619
-3.935904,-38.720631
-3.935940,-38.720623
-3.935904,-38.720623
-3.935913,-38.720715
-3.935931,-38.720715
-3.935942,-38.720726
-3.935974,-38.720722
-3.935987,-38.720657
-3.935973,-38.720661
-3.935960,-38.720680
-3.935955,-38.720680
-3.935954,-38.720699
-3.935905,-38.720699
-3.935972,-38.720932
-3.935965,-38.720924
-3.935955,-38.720924
-3.935953,-38.720924
-3.935959,-38.720924
-3.935950,-38.720947
-3.935958,-38.720951
-3.935958,-38.720970
-3.935985,-38.720913
-3.935982,-38.720898
-3.935964,-38.720905
-3.935968,-38.720898
-3.935962,-38.720886
-3.935953,-38.720863
-3.935947,-38.720860
-3.935941,-38.720852
-3.935933,-38.720852
-3.935929,-38.720860
-3.935937,-38.720833
-3.935963,-38.720901
-3.935935,-38.720818
-3.935940,-38.720821
-3.935938,-38.720825
-3.935923,-38.720867
-3.935929,-38.720844
-3.935928,-38.720860
-3.935903,-38.720970
-3.935878,-38.721077
-3.935864,-38.721069
-3.935867,-38.721035
-3.935927,-38.720879
-3.935860,-38.721035
-3.935864,-38.721043
-3.935891,-38.720982
-3.935923,-38.720898
-3.935941,-38.720852
-3.935957,-38.720829
-3.935966,-38.720810
-3.935967,-38.720798
-3.935982,-38.720768
-3.935992,-38.720776
-3.935992,-38.720783
-3.935904,-38.720940
-3.935972,-38.720783
-3.935963,-38.720798
-3.936009,-38.720749
-3.936010,-38.720757
-3.936011,-38.720764
-3.935983,-38.720772
-3.935971,-38.720779
-3.935954,-38.720695
-3.935958,-38.720699
-3.935960,-38.720707
-3.935971,-38.720718
-3.935968,-38.720718
-3.935961,-38.720730
-3.935951,-38.720730
-3.935934,-38.720722
-3.935924,-38.720726
-3.935926,-38.720760
-3.935926,-38.720764
-3.935920,-38.720749
-3.935922,-38.720791
-3.935924,-38.720741
-3.943940,-38.718666
-3.943940,-38.718678
-3.943918,-38.718662
-3.943926,-38.718685
-3.943921,-38.718689
-3.943943,-38.718708
-3.943958,-38.718716
-3.943952,-38.718731
-3.943940,-38.718700
-3.943944,-38.718697
-3.943894,-38.718636
-3.943974,-38.718716
-3.943975,-38.718708
-3.943666,-38.719437
-3.935940,-38.720757
-3.943617,-38.719437
-3.935944,-38.720745
-3.943607,-38.719433
-3.935935,-38.720741
-3.943619,-38.719437
-3.935935,-38.720741
-3.943605,-38.719429
-3.943605,-38.719425
-3.935948,-38.720715
-3.943610,-38.719421
-3.935953,-38.720707
-3.943630,-38.719425
-3.943668,-38.719467
-3.935958,-38.720715
-3.943674,-38.719425
-3.943992,-38.718742
-3.944000,-38.718754
-3.944025,-38.718761
-3.944036,-38.718761
-3.944047,-38.718754
-3.944057,-38.718750
-3.944051,-38.718739
-3.944038,-38.718716
-3.944039,-38.718716
-3.943995,-38.718754
-3.944048,-38.718723
-3.944064,-38.718731
-3.944075,-38.718746
-3.944072,-38.718746
-3.944070,-38.718746
-3.944063,-38.718739
-3.944046,-38.718727
-3.944046,-38.718731
-3.944044,-38.718727
-3.944037,-38.718708
-3.944080,-38.718746
-3.944039,-38.718723
-3.944043,-38.718727
-3.944040,-38.718727
-3.944012,-38.718685
-3.944000,-38.718674
-3.943987,-38.718674
-3.943981,-38.718670
-3.943993,-38.718674
-3.944000,-38.718685
-3.943989,-38.718689
-3.943990,-38.718697
-3.943992,-38.718704
-3.944022,-38.718708
-3.943978,-38.718704
-3.943977,-38.718708
-3.943975,-38.718697
-3.943981,-38.718716
-3.943978,-38.718704
-3.943971,-38.718700
-3.943972,-38.718700
-3.943969,-38.718689
-3.943973,-38.718704
-3.943980,-38.718700
-3.943969,-38.718700
-3.943986,-38.718708
-3.943999,-38.718708
-3.944004,-38.718761
-3.944001,-38.718777
-3.944001,-38.718761
-3.944011,-38.718754
-3.944015,-38.718758
-3.944009,-38.718739
-3.944025,-38.718750
-3.943974,-38.718693
-3.944030,-38.718800
-3.944029,-38.718880
-3.944021,-38.718910
-3.944039,-38.718990
-3.944027,-38.719017
-3.944025,-38.719044
-3.944008,-38.719040
-3.943937,-38.719017
-3.944032,-38.718845
-3.943820,-38.718967
-3.943805,-38.718952
-3.943881,-38.718979
-3.943800,-38.718925
-3.943782,-38.718910
-3.943771,-38.718884
-3.943748,-38.718834
-3.943727,-38.718807
-3.943718,-38.718769
-3.943721,-38.718769
-3.943729,-38.718746
-3.943784,-38.718731
-3.943814,-38.718712
-3.943774,-38.718746
-3.943851,-38.718708
-3.943861,-38.718731
-3.943863,-38.718735
-3.943859,-38.718731
-3.943857,-38.718727
-3.943838,-38.718708
-3.943846,-38.718727
-3.943783,-38.718731
-3.943852,-38.718735
-3.943859,-38.718739
-3.943848,-38.718735
-3.943863,-38.718742
-3.943857,-38.718735
-3.943872,-38.718742
-3.943872,-38.718746
-3.943883,-38.718777
-3.943886,-38.718803
-3.943881,-38.718803
-3.943859,-38.718788
-3.943854,-38.718735
-3.943822,-38.718746
-3.943818,-38.718731
-3.943818,-38.718716
-3.943847,-38.718773
-3.943811,-38.718708
-3.943816,-38.718700
-3.943820,-38.718693
-3.943816,-38.718685
-3.943816,-38.718681
-3.943833,-38.718700
-3.943836,-38.718765
-3.943666,-38.719463
-3.943657,-38.719490
-3.935962,-38.720707
-3.943652,-38.719482
-3.935958,-38.720707
-3.943658,-38.719463
-3.935953,-38.720711
-3.943650,-38.719467
-3.935953,-38.720715
-3.935961,-38.720707
-3.943610,-38.719418
-3.935952,-38.720718
-3.943586,-38.719456
-3.935953,-38.720726
-3.943552,-38.719460
-3.935952,-38.720730
-3.943579,-38.719486
-3.935947,-38.720730
-3.935944,-38.720737
-3.943605,-38.719456
-3.935943,-38.720741
-3.943660,-38.719501
-3.943846,-38.718716
-3.943841,-38.718708
-3.943847,-38.718712
-3.943846,-38.718716
-3.943861,-38.718742
-3.943823,-38.718704
-3.943814,-38.718697
-3.943819,-38.718712
-3.943821,-38.718727
-3.943847,-38.718708
-3.943829,-38.718754
-3.943827,-38.718754
-3.943838,-38.718754
-3.943834,-38.718742
-3.943822,-38.718735
-3.943832,-38.718723
-3.943831,-38.718708
-3.943831,-38.718704
-3.943833,-38.718697
-3.943844,-38.718678
-3.943844,-38.718681
-3.943844,-38.718678
-3.943844,-38.718678
-3.943840,-38.718685
-3.943847,-38.718678
-3.943850,-38.718678
-3.943849,-38.718678
-3.943851,-38.718678
-3.943848,-38.718681
-3.943841,-38.718681
-3.943848,-38.718681
-3.943849,-38.718678
-3.943854,-38.718674
-3.943848,-38.718681
-3.943852,-38.718674
-3.943852,-38.718674
-3.943850,-38.718674
-3.943848,-38.718674
-3.943846,-38.718678
-3.943847,-38.718674
-3.943848,-38.718681
-3.943844,-38.718689
-3.943840,-38.718693
-3.943841,-38.718689
-3.943839,-38.718689
-3.943837,-38.718689
-3.943844,-38.718681
-3.943837,-38.718693
-3.943839,-38.718689
-3.943840,-38.718689
-3.943845,-38.718681
-3.943844,-38.718685
-3.943850,-38.718674
-3.943850,-38.718674
-3.943848,-38.718678
-3.943846,-38.718681
-3.943844,-38.718678
-3.943841,-38.718681
-3.943843,-38.718678
-3.943841,-38.718681
-3.943841,-38.718678
-3.943841,-38.718678
-3.943840,-38.718678
-3.943846,-38.718674
-3.943840,-38.718681
-3.943839,-38.718681
-3.943834,-38.718689
-3.943832,-38.718693
-3.943832,-38.718693
-3.943831,-38.718693
-3.943839,-38.718681
-3.943826,-38.718704
-3.943823,-38.718712
-3.943827,-38.718700
-3.943827,-38.718700
-3.943833,-38.718685
-3.943833,-38.718681
-3.943834,-38.718678
-3.943835,-38.718678
-3.943834,-38.718685
-3.943836,-38.718681
-3.943828,-38.718697
-3.943840,-38.718678
-3.943836,-38.718685
-3.943830,-38.718697
-3.943837,-38.718678
-3.943839,-38.718678
-3.943839,-38.718674
-3.943836,-38.718678
-3.943837,-38.718678
-3.943836,-38.718678
-3.943833,-38.718685
-3.943830,-38.718693
-3.943830,-38.718697
-3.943839,-38.718678
-3.943829,-38.718704
-3.943832,-38.718700
-3.943829,-38.718700
-3.943828,-38.718708
-3.943830,-38.718697
-3.943837,-38.718700
-3.943836,-38.718708
-3.943828,-38.718704
-3.935940,-38.720749
-3.943502,-38.719440
-3.935939,-38.720741
-3.943622,-38.719463
-3.943554,-38.719429
-3.935936,-38.720737
-3.943546,-38.719433
-3.935944,-38.720745
-3.935929,-38.720737
-3.935926,-38.720722
-3.942626,-38.718571
-3.935923,-38.720718
-3.942836,-38.718739
-3.935915,-38.720730
-3.942984,-38.718849
-3.935921,-38.720722
-3.943132,-38.718967
-3.935927,-38.720741
-3.943616,-38.719482
-3.935943,-38.720749
-3.943835,-38.718704
-3.943837,-38.718708
-3.943831,-38.718712
-3.943828,-38.718716
-3.943828,-38.718716
-3.943829,-38.718716
-3.943834,-38.718712
-3.943830,-38.718712
-3.943837,-38.718697
-3.943840,-38.718685
-3.943836,-38.718685
-3.943836,-38.718693
-3.943835,-38.718697
-3.943836,-38.718700
-3.943842,-38.718693
-3.943855,-38.718678
-3.943837,-38.718685
-3.943846,-38.718689
-3.943841,-38.718700
-3.943841,-38.718697
-3.943840,-38.718704
-3.943833,-38.718716
-3.943831,-38.718716
-3.943830,-38.718712
-3.943834,-38.718700
-3.943830,-38.718708
-3.943826,-38.718712
-3.943843,-38.718697
-3.943822,-38.718712
-3.943818,-38.718723
-3.943844,-38.718697
-3.943828,-38.718697
-3.943829,-38.718697
-3.943827,-38.718704
-3.943831,-38.718697
-3.943831,-38.718697
-3.943825,-38.718704
-3.943832,-38.718689
-3.943832,-38.718689
-3.943828,-38.718704
-3.943824,-38.718716
-3.943824,-38.718712
-3.943826,-38.718746
-3.943832,-38.718742
-3.943843,-38.718739
-3.943844,-38.718735
-3.943850,-38.718712
-3.943827,-38.718708
-3.943848,-38.718704
-3.943848,-38.718693
-3.943848,-38.718689
-3.943844,-38.718685
-3.943843,-38.718681
-3.943840,-38.718678
-3.943831,-38.718685
-3.943828,-38.718678
-3.943851,-38.718689
-3.943825,-38.718685
-3.943820,-38.718697
-3.943819,-38.718693
-3.943819,-38.718693
-3.943815,-38.718697
-3.943820,-38.718704
-3.943829,-38.718708
-3.943826,-38.718712
-3.943825,-38.718712
-3.943817,-38.718693
-3.943826,-38.718723
-3.943833,-38.718708
-3.943832,-38.718704
-3.943830,-38.718708
-3.943829,-38.718708
-3.943827,-38.718716
-3.943826,-38.718716
-3.943832,-38.718716
-3.943831,-38.718716
-3.943839,-38.718704
-3.943832,-38.718708
-3.943823,-38.718716
-3.943823,-38.718723
-3.943831,-38.718708
-3.943807,-38.718700
-3.943802,-38.718693
-3.943810,-38.718689
-3.943813,-38.718689
-3.943808,-38.718697
-3.943808,-38.718693
-3.943795,-38.718697
-3.943800,-38.718700
-3.943815,-38.718689
-3.943793,-38.718700
-3.943786,-38.718716
-3.943780,-38.718723
-3.943778,-38.718723
-3.943785,-38.718708
-3.943791,-38.718708
-3.943792,-38.718704
-3.943802,-38.718693
-3.943805,-38.718693
-3.943808,-38.718708
-3.943803,-38.718723
-3.943791,-38.718708
-3.935931,-38.720768
-3.935923,-38.720791
-3.935917,-38.720810
-3.935919,-38.720814
-3.935931,-38.720730
-3.935926,-38.720802
-3.935921,-38.720791
-3.935918,-38.720806
-3.935916,-38.720798
-3.935919,-38.720802
-3.935917,-38.720814
-3.935929,-38.720757
-3.943814,-38.718704
-3.943815,-38.718700
-3.943811,-38.718708
-3.943814,-38.718704
-3.943826,-38.718685
-3.943820,-38.718693
-3.943818,-38.718700
-3.943824,-38.718700
-3.943870,-38.718632
-3.943808,-38.718712
-3.943808,-38.718678
-3.943789,-38.718681
-3.943864,-38.718643
-3.943802,-38.718674
-3.943821,-38.718666
-3.943786,-38.718685
-3.943796,-38.718670
-3.943793,-38.718670
-3.943830,-38.718681
-3.943814,-38.718674
-3.943769,-38.718742
-3.943776,-38.718754
-3.943779,-38.718735
-3.943772,-38.718723
-3.943781,-38.718739
-3.943795,-38.718727
-3.943802,-38.718742
-3.943818,-38.718689
-3.943814,-38.718807
-3.943815,-38.718819
-3.943802,-38.718769
-3.943825,-38.718803
-3.943821,-38.718777
-3.943817,-38.718773
-3.943814,-38.718769
-3.943812,-38.718765
-3.943823,-38.718784
-3.943830,-38.718773
-3.943822,-38.718777
-3.943829,-38.718681
-3.943825,-38.718647
-3.943820,-38.718662
-3.943836,-38.718605
-3.943833,-38.718636
-3.943825,-38.718689
-3.943820,-38.718723
-3.943819,-38.718750
-3.943816,-38.718769
-3.943808,-38.718792
-3.943827,-38.718693
-3.943798,-38.718723
-3.943806,-38.718636
-3.943796,-38.718803
-3.943805,-38.718479
-3.943803,-38.718323
-3.943819,-38.718361
-3.943841,-38.718365
-3.943829,-38.718418
-3.943834,-38.718460
-3.943796,-38.718739
-3.943827,-38.718479
-3.943828,-38.718483
-3.943819,-38.718491
-3.943821,-38.718510
-3.943863,-38.718468
-3.943855,-38.718487
-3.943893,-38.718445
-3.943927,-38.718430
-3.943927,-38.718479
-3.943915,-38.718491
-3.943829,-38.718494
-3.943860,-38.718674
-3.943830,-38.718739
-3.943918,-38.718506
-3.943826,-38.718731
-3.943828,-38.718746
-3.943814,-38.718739
-3.943807,-38.718742
-3.943790,-38.718731
-3.943820,-38.718739
-3.943826,-38.718796
-3.943830,-38.718811
-3.943799,-38.718723
-3.943834,-38.718811
-3.943833,-38.718800
-3.943844,-38.718758
-3.943848,-38.718750
-3.943846,-38.718750
-3.943852,-38.718750
-3.943800,-38.718746
-3.943829,-38.718803
-3.943828,-38.718803
-3.943841,-38.718777
-3.943833,-38.718792
-3.943848,-38.718758
-3.943838,-38.718769
-3.943801,-38.718853
-3.943793,-38.718849
-3.943803,-38.718800
-3.943803,-38.718788
-3.943844,-38.718769
-3.935910,-38.720848
-3.935914,-38.720848
-3.935915,-38.720860
-3.935923,-38.720871
-3.935916,-38.720825
-3.935925,-38.720871
-3.935934,-38.720879
-3.935947,-38.720879
-3.935951,-38.720867
-3.935953,-38.720860
-3.935957,-38.720867
-3.935917,-38.720833
-3.935954,-38.720860
-3.935951,-38.720867
-3.935953,-38.720879
-3.935955,-38.720863
-3.935954,-38.720894
-3.935955,-38.720894
-3.935955,-38.720924
-3.935959,-38.720928
-3.935959,-38.720928
-3.935962,-38.720909
-3.935953,-38.720863
-3.935962,-38.720905
-3.935961,-38.720913
-3.935962,-38.720936
-3.935966,-38.720959
-3.935967,-38.720951
-3.935962,-38.720901
-3.935971,-38.720951
-3.935977,-38.720936
-3.935967,-38.720898
-3.935977,-38.720901
-3.935962,-38.720913
-3.935978,-38.720940
-3.935979,-38.720936
-3.935977,-38.720928
-3.935967,-38.720924
-3.935964,-38.720921
-3.935944,-38.720943
-3.935945,-38.720943
-3.935922,-38.720947
-3.935915,-38.720951
-3.935972,-38.720921
-3.935931,-38.720940
-3.935954,-38.720890
-3.935961,-38.720852
-3.935923,-38.720890
-3.935896,-38.720963
-3.935887,-38.721001
-3.935884,-38.721031
-3.935874,-38.721050
-3.935892,-38.721043
-3.935916,-38.721024
-3.935953,-38.720882
-3.935946,-38.721004
-3.935945,-38.720997
-3.943797,-38.718815
-3.943805,-38.718815
-3.943805,-38.718830
-3.943807,-38.718777
-3.943805,-38.718796
-3.943806,-38.718773
-3.943811,-38.718761
-3.943820,-38.718754
-3.943802,-38.718788
-3.943815,-38.718723
-3.943820,-38.718685
-3.943815,-38.718693
-3.943817,-38.718716
-3.943813,-38.718731
-3.943822,-38.718739
-3.943839,-38.718731
-3.943861,-38.718712
-3.943819,-38.718693
-3.943863,-38.718700
-3.943867,-38.718693
-3.943849,-38.718712
-3.943839,-38.718716
-3.943849,-38.718693
-3.943856,-38.718681
-3.943850,-38.718685
-3.943835,-38.718708
-3.943827,-38.718731
-3.943818,-38.718727
-3.943821,-38.718727
-3.943826,-38.718712
-3.943836,-38.718712
-3.943841,-38.718708
-3.943853,-38.718716
-3.943855,-38.718735
-3.943815,-38.718746
-3.943803,-38.718761
-3.943820,-38.718750
-3.943843,-38.718758
-3.943848,-38.718716
-3.943860,-38.718700
-3.943839,-38.718716
-3.943841,-38.718727
-3.943863,-38.718712
-3.943882,-38.718693
-3.943912,-38.718662
-3.943877,-38.718674
-3.943851,-38.718681
-3.943872,-38.718704
-3.943853,-38.718723
-3.943857,-38.718712
-3.943855,-38.718723
-3.943867,-38.718704
-3.943823,-38.718700
-3.943825,-38.718712
-3.943864,-38.718716
-3.943842,-38.718704
-3.943826,-38.718708
-3.943823,-38.718693
-3.943825,-38.718685
-3.943843,-38.718697
-3.943802,-38.718693
-3.943797,-38.718712
-3.943805,-38.718700
-3.943794,-38.718693
-3.943792,-38.718700
-3.943797,-38.718693
-3.943796,-38.718697
-3.943816,-38.718678
-3.943805,-38.718681
-3.943783,-38.718689
-3.943801,-38.718681
-3.943802,-38.718704
-3.943799,-38.718662
-3.943756,-38.718727
-3.943735,-38.718742
-3.943779,-38.718708
-3.943791,-38.718700
-3.943806,-38.718697
-3.943806,-38.718727
-3.943798,-38.718731
-3.943795,-38.718731
-3.943804,-38.718689
-3.943798,-38.718735
-3.943819,-38.718727
-3.943820,-38.718742
-3.943815,-38.718742
-3.943828,-38.718758
-3.943827,-38.718761
-3.943864,-38.718754
-3.943858,-38.718750
-3.943864,-38.718742
-3.943799,-38.718735
-3.943853,-38.718735
-3.943864,-38.718727
-3.943864,-38.718689
-3.943848,-38.718689
-3.943846,-38.718697
-3.943841,-38.718700
-3.943843,-38.718700
-3.943847,-38.718681
-3.943854,-38.718689
-3.943849,-38.718700
-3.943863,-38.718704
-3.943837,-38.718708
-3.943832,-38.718704
-3.943832,-38.718708
-3.943835,-38.718704
-3.943829,-38.718708
-3.943844,-38.718716
-3.943840,-38.718723
-3.943839,-38.718716
-3.943844,-38.718761
-3.943841,-38.718769
-3.943831,-38.718788
-3.943833,-38.718784
-3.943826,-38.718784
-3.943826,-38.718769
-3.943819,-38.718784
-3.943830,-38.718750
-3.943830,-38.718750
-3.943844,-38.718731
-3.943826,-38.718777
-3.943837,-38.718735
-3.943850,-38.718708
-3.943859,-38.718704
-3.943836,-38.718712
-3.943820,-38.718697
-3.943854,-38.718704
-3.943851,-38.718716
-3.943845,-38.718723
-3.943842,-38.718727
-3.943833,-38.718716
-3.943829,-38.718758
-3.943809,-38.718773
-3.943807,-38.718761
-3.943824,-38.718758
-3.943844,-38.718750
-3.943851,-38.718739
-3.943861,-38.718731
-3.943860,-38.718735
-3.943854,-38.718739
-3.943833,-38.718746
-3.943852,-38.718739
-3.943864,-38.718731
-3.943865,-38.718742
-3.943843,-38.718716
-3.943837,-38.718708
-3.943871,-38.718716
-3.943849,-38.718716
-3.943851,-38.718700
-3.943841,-38.718700
-3.943833,-38.718727
-3.943831,-38.718727
-3.943833,-38.718731
-3.943840,-38.718723
-3.943834,-38.718712
-3.943837,-38.718712
-3.943858,-38.718708
-3.943846,-38.718727
-3.943836,-38.718731
-3.943858,-38.718704
-3.943871,-38.718704
-3.943871,-38.718708
-3.943877,-38.718700
-3.943888,-38.718685
-3.943888,-38.718674
-3.943892,-38.718670
-3.943892,-38.718685
-3.943886,-38.718666
-3.943843,-38.718727
-3.943871,-38.718678
-3.943879,-38.718674
-3.943874,-38.718685
-3.943872,-38.718693
-3.943878,-38.718693
-3.943853,-38.718693
-3.943846,-38.718693
-3.943840,-38.718697
-3.943833,-38.718723
-3.943827,-38.718704
-3.943877,-38.718685
-3.943853,-38.718689
-3.943830,-38.718689
-3.943834,-38.718700
-3.943858,-38.718700
-3.943863,-38.718681
-3.943841,-38.718697
-3.943809,-38.718712
-3.943789,-38.718700
-3.943774,-38.718700
-3.943840,-38.718693
-3.943767,-38.718689
-3.943777,-38.718666
-3.943784,-38.718681
-3.943805,-38.718685
-3.943803,-38.718678
-3.943811,-38.718674
-3.943821,-38.718674
-3.943801,-38.718670
-3.943795,-38.718674
-3.943777,-38.718681
-3.943799,-38.718689
-3.943792,-38.718689
-3.943794,-38.718674
-3.943790,-38.718700
-3.943793,-38.718708
-3.943782,-38.718727
-3.943785,-38.718716
-3.943780,-38.718731
-3.943838,-38.718704
-3.943905,-38.718674
-3.943907,-38.718674
-3.943871,-38.718689
-3.944001,-38.718639
-3.944010,-38.718636
-3.944010,-38.718632
-3.943994,-38.718639
-3.943966,-38.718685
-3.943948,-38.718712
-3.943877,-38.718693
-3.943852,-38.718727
-3.943856,-38.718727
-3.943881,-38.718704
-3.943883,-38.718716
-3.943828,-38.718765
-3.943883,-38.718716
-3.943874,-38.718735
-3.943871,-38.718727
-3.943864,-38.718735
-3.943864,-38.718731
-3.943848,-38.718731
-3.943897,-38.718758
-3.943936,-38.718727
-3.943906,-38.718723
-3.943898,-38.718742
-3.943902,-38.718761
-3.943892,-38.718746
-3.943883,-38.718735
-3.943871,-38.718697
-3.943853,-38.718693
-3.943811,-38.718723
-3.943908,-38.718723
-3.943774,-38.718742
-3.943802,-38.718777
-3.943817,-38.718788
-3.943800,-38.718853
-3.943843,-38.718891
-3.943880,-38.718945
-3.943919,-38.718971
-3.943954,-38.718987
-3.943991,-38.719013
-3.944012,-38.719048
-3.943758,-38.718777
-3.944129,-38.719139
-3.944167,-38.719158
-3.944057,-38.719082
-3.944187,-38.719166
-3.944209,-38.719170
-3.944237,-38.719128
-3.944292,-38.719021
-3.944313,-38.718948
-3.944087,-38.719109
-3.944342,-38.718983
-3.944341,-38.718979
-3.944331,-38.718967
-3.944320,-38.718975
-3.944330,-38.718975
-3.944329,-38.718990
-3.944329,-38.719002
-3.944326,-38.718987
-3.944309,-38.718960
-3.944319,-38.718971
-3.944330,-38.718983
-3.944341,-38.718990
-3.944342,-38.719009
-3.944336,-38.719006
-3.944340,-38.718998
-3.944350,-38.718998
-3.944362,-38.719013
-3.944371,-38.719021
-3.944316,-38.718967
-3.944347,-38.719006
-3.944335,-38.719021
-3.944367,-38.719017
-3.944329,-38.719009
-3.944324,-38.718994
-3.944317,-38.719013
-3.944307,-38.719021
-3.944299,-38.719028
-3.944298,-38.719013
-3.944298,-38.719021
-3.944295,-38.719044
-3.944356,-38.719006
-3.944298,-38.719021
-3.944305,-38.719017
-3.944295,-38.719044
-3.944307,-38.719017
-3.944312,-38.719006
-3.944310,-38.719028
-3.944304,-38.719044
-3.944304,-38.719044
-3.944300,-38.719048
-3.944297,-38.719040
-3.944305,-38.719032
-3.944302,-38.719044
-3.944304,-38.719040
-3.944301,-38.719048
-3.944310,-38.719021
-3.944312,-38.719017
-3.944318,-38.719002
-3.944315,-38.719013
-3.944312,-38.719021
-3.944304,-38.719040
-3.944308,-38.719044
-3.944304,-38.719044
-3.944315,-38.719032
-3.944317,-38.719040
-3.944316,-38.719040
-3.944311,-38.719048
-3.944306,-38.719040
-3.944305,-38.719044
-3.944302,-38.719048
-3.944302,-38.719055
-3.944303,-38.719044
-3.944308,-38.719055
-3.944312,-38.719048
-3.944309,-38.719040
-3.944304,-38.719055
-3.943857,-38.718746
-3.943851,-38.718739
-3.943849,-38.718739
-3.943839,-38.718746
-3.943835,-38.718746
-3.943828,-38.718750
-3.943814,-38.718754
-3.943811,-38.718750
-3.943813,-38.718746
-3.943812,-38.718739
-3.943863,-38.718742
-3.944304,-38.719055
-3.944303,-38.719055
-3.944305,-38.719063
-3.944305,-38.719048
-3.944310,-38.719032
-3.944311,-38.719017
-3.944315,-38.719002
-3.944318,-38.719002
-3.944333,-38.718975
-3.944306,-38.719048
-3.944323,-38.718994
-3.944317,-38.718998
-3.944319,-38.718987
-3.944319,-38.718990
-3.944314,-38.719006
-3.944305,-38.719028
-3.944305,-38.719032
-3.944334,-38.718975
-3.944299,-38.719040
-3.944296,-38.719040
-3.944293,-38.719040
-3.944290,-38.719048
-3.944291,-38.719048
-3.944289,-38.719059
-3.944295,-38.719044
-3.944300,-38.719032
-3.944307,-38.719032
-3.944307,-38.719017
-3.944304,-38.719028
-3.944304,-38.719028
-3.944305,-38.719028
-3.944310,-38.719017
-3.944310,-38.719017
-3.944312,-38.719013
-3.944311,-38.719013
-3.944317,-38.719002
-3.944319,-38.719002
-3.944317,-38.719009
-3.944320,-38.718994
-3.944320,-38.719002
-3.944318,-38.719006
-3.944320,-38.718998
-3.944321,-38.718998
-3.944323,-38.718994
-3.944327,-38.718990
-3.944324,-38.718994
-3.944314,-38.719013
-3.944325,-38.718994
-3.944318,-38.719032
-3.944309,-38.719032
-3.944313,-38.719028
-3.944324,-38.719021
-3.944324,-38.719028
-3.944333,-38.719032
-3.944341,-38.719036
-3.944312,-38.719013
-3.944314,-38.719009
-3.944318,-38.718998
-3.944324,-38.719002
-3.944347,-38.719032
-3.944322,-38.718994
-3.944326,-38.718998
-3.944337,-38.718998
-3.944349,-38.718994
-3.944360,-38.719006
-3.944353,-38.719013
-3.944354,-38.719017
-3.944349,-38.718994
-3.944355,-38.719032
-3.944355,-38.719036
-3.944356,-38.719032
-3.944355,-38.719036
-3.944365,-38.718994
-3.944353,-38.719032
-3.944344,-38.719040
-3.944343,-38.719028
-3.944345,-38.719032
-3.944360,-38.719032
-3.944344,-38.719017
-3.944331,-38.719017
-3.944328,-38.719009
-3.944329,-38.719009
-3.944332,-38.719009
-3.944355,-38.719032
-3.944342,-38.718998
-3.944341,-38.718998
-3.944342,-38.718998
-3.944335,-38.719013
-3.944349,-38.718987
-3.944343,-38.718994
-3.944335,-38.719006
-3.944330,-38.719032
-3.944328,-38.719009
-3.943803,-38.718739
-3.943809,-38.718727
-3.943801,-38.718727
-3.943786,-38.718758
-3.943790,-38.718742
-3.943813,-38.718731
-3.943773,-38.718716
-3.943782,-38.718700
-3.943762,-38.718746
-3.943755,-38.718761
-3.943815,-38.718727
-3.944336,-38.719006
-3.944326,-38.719017
-3.944337,-38.719009
-3.944325,-38.719017
-3.944326,-38.719017
-3.944323,-38.719017
-3.944323,-38.719017
-3.944320,-38.719017
-3.944340,-38.719009
-3.944332,-38.719013
-3.944335,-38.719006
-3.944321,-38.719021
-3.944330,-38.719013
-3.944329,-38.719017
-3.944330,-38.719013
-3.944328,-38.719017
-3.944313,-38.719032
-3.944329,-38.719013
-3.944304,-38.719040
-3.944306,-38.719036
-3.944310,-38.719032
-3.944279,-38.719055
-3.944283,-38.719055
-3.944283,-38.719055
-3.944304,-38.719044
-3.944314,-38.719036
-3.944311,-38.719036
-3.944337,-38.719017
-3.944331,-38.719021
-3.944329,-38.719021
-3.944325,-38.719017
-3.944323,-38.719017
-3.944318,-38.719021
-3.944341,-38.719017
-3.944314,-38.719028
-3.944326,-38.719013
-3.944345,-38.719013
-3.944332,-38.719009
-3.944334,-38.719009
-3.944328,-38.719013
-3.944360,-38.718994
-3.944361,-38.718994
-3.944361,-38.718994
-3.944326,-38.719009
-3.944351,-38.719002
-3.944359,-38.718998
-3.944381,-38.718979
-3.944329,-38.719009
-3.944356,-38.718994
-3.944360,-38.718987
-3.944378,-38.718967
-3.944393,-38.718956
-3.944392,-38.718952
-3.944389,-38.718956
-3.944384,-38.718960
-3.944396,-38.718952
-3.944404,-38.718967
-3.944373,-38.718983
-3.944377,-38.718990
-3.944376,-38.718994
-3.944358,-38.719006
-3.944368,-38.718994
-3.944378,-38.718979
-3.944388,-38.718967
-3.944396,-38.718956
-3.944405,-38.718948
-3.944395,-38.718979
-3.944388,-38.718960
-3.944355,-38.718983
-3.944371,-38.718979
-3.944400,-38.718983
-3.944398,-38.718994
-3.944377,-38.718971
-3.944393,-38.718998
-3.944389,-38.719009
-3.944361,-38.719032
-3.944368,-38.718979
-3.944300,-38.719051
-3.944290,-38.719051
-3.944299,-38.719044
-3.944300,-38.719044
-3.944312,-38.719040
-3.944348,-38.719028
-3.944377,-38.719009
-3.944310,-38.719051
-3.944377,-38.719002
-3.944336,-38.719017
-3.944347,-38.719009
-3.944352,-38.719009
-3.944379,-38.718990
-3.944369,-38.718990
-3.944365,-38.719006
-3.944380,-38.718990
-3.944379,-38.718990
-3.944366,-38.718994
-3.944318,-38.719017
-3.943763,-38.718811
-3.943768,-38.718792
-3.943775,-38.718761
-3.943779,-38.718750
-3.943781,-38.718746
-3.943762,-38.718792
-3.943766,-38.718769
-3.943764,-38.718792
-3.943784,-38.718708
-3.943825,-38.718685
-3.943854,-38.718678
-3.943746,-38.718826
-3.943861,-38.718685
-3.943854,-38.718697
-3.943823,-38.718727
-3.943822,-38.718708
-3.943749,-38.718826
-3.943827,-38.718712
-3.943811,-38.718731
-3.943799,-38.718723
-3.943788,-38.718739
-3.943826,-38.718700
-3.943804,-38.718716
-3.943811,-38.718716
-3.943813,-38.718723
-3.943802,-38.718727
-3.943788,-38.718758
-3.943778,-38.718792
-3.943786,-38.718792
-3.943786,-38.718796
-3.943804,-38.718769
-3.943810,-38.718769
-3.943804,-38.718773
-3.943779,-38.718758
-3.943813,-38.718750
-3.943826,-38.718727
-3.943833,-38.718723
-3.943836,-38.718723
-3.943834,-38.718727
-3.943829,-38.718746
-3.943834,-38.718735
-3.943825,-38.718739
-3.943825,-38.718739
-3.943819,-38.718735
-3.944323,-38.719021
-3.944324,-38.719017
-3.944317,-38.719028
-3.944316,-38.719032
-3.944335,-38.719021
-3.944344,-38.719028
-3.944345,-38.719028
-3.944337,-38.719040
-3.944312,-38.719051
-3.944555,-38.718937
-3.944536,-38.718929
-3.944523,-38.718929
-3.944518,-38.718929
-3.944490,-38.718933
-3.944451,-38.718941
-3.944437,-38.718948
-3.944379,-38.718979
-3.944546,-38.718933
-3.944379,-38.718975
-3.944375,-38.718979
-3.944463,-38.718948
-3.944463,-38.718952
-3.944402,-38.718990
-3.944372,-38.719009
-3.944357,-38.719021
-3.944360,-38.719013
-3.944381,-38.718998
-3.944410,-38.718979
-3.944418,-38.718960
-3.944427,-38.718960
-3.944413,-38.718960
-3.944411,-38.718937
-3.944396,-38.718941
-3.944384,-38.718945
-3.944365,-38.718948
-3.944342,-38.718983
-3.944445,-38.718941
-3.944336,-38.718983
-3.944330,-38.718994
-3.944386,-38.718990
-3.944370,-38.718990
-3.944368,-38.719006
-3.944390,-38.719002
-3.944391,-38.718979
-3.944397,-38.718971
-3.944401,-38.718979
-3.944391,-38.719009
-3.944337,-38.719021
-3.944376,-38.719032
-3.944372,-38.719051
-3.944394,-38.719017
-3.944401,-38.719013
-3.944379,-38.719055
-3.944376,-38.719048
-3.944378,-38.719044
-3.944367,-38.719063
-3.944347,-38.719067
-3.944349,-38.719067
-3.944359,-38.719055
-3.944359,-38.719059
-3.944384,-38.719051
-3.944377,-38.719067
-3.944365,-38.719070
-3.944357,-38.719067
-3.944360,-38.719067
-3.944356,-38.719059
-3.944359,-38.719074
-3.944353,-38.719070
-3.944348,-38.719074
-3.944385,-38.719051
-3.944384,-38.719055
-3.944387,-38.719051
-3.944392,-38.719055
-3.944374,-38.719063
-3.944369,-38.719063
-3.944397,-38.719070
-3.944381,-38.719093
-3.944379,-38.719101
-3.944425,-38.719074
-3.944438,-38.719067
-3.944489,-38.719048
-3.944497,-38.719044
-3.944445,-38.719063
-3.944438,-38.719063
-3.944409,-38.719074
-3.944396,-38.719093
-3.944381,-38.719078
-3.944363,-38.719093
-3.944326,-38.719101
-3.944326,-38.719105
-3.944309,-38.719097
-3.944289,-38.719105
-3.944297,-38.719097
-3.944298,-38.719093
-3.944356,-38.719090
-3.944302,-38.719074
-3.944304,-38.719070
-3.944309,-38.719055
-3.944307,-38.719055
-3.944265,-38.719074
-3.944271,-38.719070
-3.944283,-38.719063
-3.944287,-38.719059
-3.944294,-38.719055
-3.944283,-38.719059
-3.944303,-38.719063
-3.944310,-38.719048
-3.944304,-38.719048
-3.944287,-38.719059
-3.944257,-38.719074
-3.944258,-38.719082
-3.944283,-38.719074
-3.944324,-38.719055
-3.944297,-38.719051
-3.944286,-38.719063
-3.944278,-38.719074
-3.944284,-38.719078
-3.944283,-38.719070
-3.944290,-38.719067
-3.944300,-38.719063
-3.944255,-38.719082
-3.944249,-38.719082
-3.944255,-38.719090
-3.944208,-38.719109
-3.944223,-38.719101
-3.944244,-38.719093
-3.944270,-38.719070
-3.944275,-38.719070
-3.944282,-38.719067
-3.944282,-38.719067
-3.944280,-38.719070
-3.944253,-38.719090
-3.944294,-38.719063
-3.944310,-38.719051
-3.944316,-38.719051
-3.944329,-38.719044
-3.944327,-38.719048
-3.944335,-38.719044
-3.944326,-38.719044
-3.944325,-38.719040
-3.944325,-38.719040
-3.944321,-38.719044
-3.944326,-38.719040
-3.944325,-38.719040
-3.944322,-38.719040
-3.944318,-38.719044
-3.944316,-38.719044
-3.944311,-38.719044
-3.944321,-38.719040
-3.944326,-38.719036
-3.944323,-38.719040
-3.944330,-38.719032
-3.944330,-38.719032
-3.944322,-38.719032
-3.944314,-38.719036
-3.944316,-38.719036
-3.944323,-38.719032
-3.944323,-38.719032
-3.944330,-38.719028
-3.944327,-38.719032
-3.944323,-38.719036
-3.944317,-38.719036
-3.944311,-38.719040
-3.944311,-38.719036
-3.944316,-38.719036
-3.944318,-38.719036
-3.944321,-38.719036
-3.944319,-38.719040
-3.944324,-38.719036
-3.944318,-38.719044
-3.944309,-38.719048
-3.944307,-38.719048
-3.944309,-38.719048
-3.944305,-38.719048
-3.944305,-38.719044
-3.944304,-38.719044
-3.944318,-38.719044
-3.944301,-38.719048
-3.944294,-38.719051
-3.944296,-38.719048
-3.944296,-38.719048
-3.944290,-38.719051
-3.944300,-38.719048
-3.944295,-38.719055
-3.944298,-38.719055
-3.944282,-38.719059
-3.944288,-38.719059
-3.944285,-38.719055
-3.944300,-38.719059
-3.944305,-38.719051
-3.944294,-38.719055
-3.944294,-38.719051
-3.944281,-38.719055
-3.944274,-38.719082
-3.944276,-38.719067
-3.944281,-38.719090
-3.944292,-38.719067
-3.944297,-38.719059
-3.944302,-38.719051
-3.944294,-38.719051
-3.944290,-38.719059
-3.944295,-38.719051
-3.944289,-38.719051
-3.944283,-38.719067
-3.944314,-38.719067
-3.944307,-38.719070
-3.944299,-38.719070
-3.944309,-38.719063
-3.944320,-38.719059
-3.944327,-38.719051
-3.944328,-38.719048
-3.944333,-38.719048
-3.944353,-38.719036
-3.944317,-38.719067
-3.944294,-38.719044
-3.944295,-38.719040
-3.944305,-38.719036
-3.944310,-38.719036
-3.944315,-38.719028
-3.944324,-38.719021
-3.944328,-38.719017
-3.944292,-38.719044
-3.944324,-38.719021
-3.944312,-38.719036
-3.944316,-38.719048
-3.944320,-38.719055
-3.944333,-38.719070
-3.944335,-38.719074
-3.944319,-38.719017
-3.944335,-38.719059
-3.944339,-38.719059
-3.944327,-38.719063
-3.944342,-38.719070
-3.944342,-38.719078
-3.944338,-38.719070
-3.944331,-38.719082
-3.944322,-38.719082
-3.944325,-38.719109
-3.944347,-38.719151
-3.944354,-38.719151
-3.944377,-38.719151
-3.944366,-38.719131
-3.944375,-38.719170
-3.944343,-38.719124
-3.944332,-38.719097
-3.944331,-38.719101
-3.944323,-38.719101
-3.944381,-38.719162
-3.944327,-38.719109
-3.944330,-38.719112
-3.944321,-38.719097
-3.944329,-38.719105
-3.944326,-38.719101
-3.944321,-38.719101
-3.944320,-38.719101
-3.944323,-38.719105
-3.944317,-38.719093
-3.944314,-38.719090
-3.944328,-38.719101
-3.944306,-38.719063
-3.944300,-38.719063
-3.944307,-38.719078
-3.944302,-38.719063
-3.944296,-38.719051
-3.944294,-38.719055
-3.944293,-38.719070
-3.944309,-38.719074
-3.944302,-38.719070
-3.944292,-38.719074
-3.944289,-38.719028
-3.944285,-38.719013
-3.944280,-38.719036
-3.944280,-38.719059
-3.944275,-38.719059
-3.944272,-38.719055
-3.944295,-38.719090
-3.944264,-38.719063
-3.944263,-38.719070
-3.944262,-38.719074
-3.944261,-38.719070
-3.944248,-38.719044
-3.944244,-38.719048
-3.944240,-38.719044
-3.944239,-38.719036
-3.944237,-38.719032
-3.944266,-38.719051
-3.944228,-38.719055
-3.944232,-38.719055
-3.944226,-38.719070
-3.944228,-38.719063
-3.944232,-38.719063
-3.944234,-38.719070
-3.944232,-38.719067
-3.944236,-38.719063
-3.944237,-38.719063
-3.944238,-38.719055
-3.944229,-38.719055
-3.944240,-38.719063
-3.944255,-38.719070
-3.944258,-38.719078
-3.944238,-38.719051
-3.944267,-38.719082
-3.944275,-38.719097
-3.944279,-38.719093
-3.944279,-38.719078
-3.944361,-38.719036
-3.944381,-38.719032
-3.944373,-38.719032
-3.944336,-38.719048
-3.944351,-38.719036
-3.944316,-38.719059
-3.944343,-38.719055
-3.944297,-38.719067
-3.944300,-38.719059
-3.944304,-38.719040
-3.944309,-38.719040
-3.944305,-38.719036
-3.944304,-38.719021
-3.944291,-38.719048
-3.944279,-38.719051
-3.944271,-38.719048
-3.944264,-38.719055
-3.944284,-38.719074
-3.944268,-38.719063
-3.944271,-38.719082
-3.944265,-38.719105
-3.944262,-38.719055
-3.944274,-38.719101
-3.944270,-38.719109
-3.944266,-38.719131
-3.944276,-38.719120
-3.944278,-38.719112
-3.944264,-38.719059
-3.944298,-38.719082
-3.944284,-38.719101
-3.944277,-38.719097
-3.944276,-38.719082
-3.944280,-38.719074
-3.944284,-38.719097
-3.944282,-38.719078
-3.944286,-38.719074
-3.944301,-38.719051
-3.944293,-38.719044
-3.944297,-38.719082
-3.944297,-38.719048
-3.944299,-38.719044
-3.944302,-38.719040
-3.944287,-38.719051
-3.944314,-38.719032
-3.944309,-38.719040
-3.944312,-38.719040
-3.944309,-38.719044
-3.944304,-38.719055
-3.944307,-38.719051
-3.944287,-38.719055
-3.944297,-38.719059
-3.944296,-38.719055
-3.944299,-38.719044
-3.944295,-38.719059
-3.944298,-38.719036
-3.944304,-38.719032
-3.944295,-38.719032
-3.944300,-38.719021
-3.944297,-38.719021
-3.944289,-38.719032
-3.944299,-38.719059
-3.944296,-38.719040
-3.944292,-38.719040
-3.944306,-38.719044
-3.944302,-38.719048
-3.944304,-38.719051
-3.944294,-38.719067
-3.944295,-38.719067
-3.944300,-38.719048
-3.944301,-38.719036
-3.944284,-38.719040
-3.944294,-38.719055
-3.944297,-38.719055
-3.944295,-38.719059
-3.944292,-38.719059
-3.944298,-38.719063
-3.944295,-38.719048
-3.944289,-38.719070
-3.944290,-38.719067
-3.944276,-38.719063
-3.944304,-38.719070
-3.944290,-38.719059
-3.944321,-38.719059
-3.944314,-38.719093
-3.944317,-38.719074
-3.944306,-38.719067
-3.944314,-38.719067
-3.944304,-38.719059
-3.944314,-38.719067
-3.944307,-38.719055
-3.944322,-38.719040
-3.944320,-38.719051
-3.944321,-38.719059
-3.944307,-38.719063
-3.944322,-38.719002
-3.944312,-38.718994
-3.944284,-38.718994
-3.944282,-38.719002
-3.944311,-38.719063
-3.944274,-38.718990
-3.944275,-38.718990
-3.944278,-38.719002
-3.944282,-38.719009
-3.944283,-38.719002
-3.944280,-38.718979
-3.944277,-38.718975
-3.944278,-38.718956
-3.944283,-38.718952
-3.944287,-38.718998
-3.944274,-38.718956
-3.944279,-38.718960
-3.944281,-38.718994
-3.944310,-38.719063
-3.944295,-38.719070
-3.944309,-38.719067
-3.944315,-38.719063
-3.944350,-38.719055
-3.944356,-38.719051
-3.944321,-38.719059
-3.944320,-38.719051
-3.944320,-38.719051
-3.944278,-38.718987
-3.944238,-38.718971
-3.944249,-38.718971
-3.944252,-38.718975
-3.944254,-38.718990
-3.944247,-38.719013
-3.944275,-38.718967
-3.944249,-38.719017
-3.944269,-38.719002
-3.944251,-38.718990
-3.944282,-38.718979
-3.944157,-38.718994
-3.944155,-38.719002
-3.944182,-38.719006
-3.944213,-38.719013
-3.944236,-38.719017
-3.944266,-38.719021
-3.944229,-38.718987
-3.944281,-38.719021
-3.944292,-38.719017
-3.944290,-38.719051
-3.944210,-38.718994
-3.944287,-38.719059
-3.944296,-38.719048
-3.944304,-38.719017
-3.944327,-38.719002
-3.944328,-38.719009
-3.944302,-38.718998
-3.944279,-38.719028
-3.944268,-38.719040
-3.944228,-38.718967
-3.944262,-38.719021
-3.944241,-38.719040
-3.944236,-38.719032
-3.944210,-38.719040
-3.944190,-38.719059
-3.944207,-38.719048
-3.944228,-38.719063
-3.944258,-38.719002
-3.944183,-38.719093
-3.944173,-38.719070
-3.944227,-38.719040
-3.944281,-38.719059
-3.944288,-38.719063
-3.944306,-38.719063
-3.944301,-38.719059
-3.936597,-38.724106
-3.944258,-38.719017
-3.944251,-38.719006
-3.944170,-38.719032
-3.936571,-38.724075
-3.944265,-38.719009
-3.944232,-38.719002
-3.936789,-38.724400
-3.944090,-38.718994
-3.936672,-38.724270
-3.944032,-38.719074
-3.936572,-38.724239
-3.944037,-38.719074
-3.936553,-38.724209
-3.944066,-38.719044
-3.936521,-38.724136
-3.944033,-38.719013
-3.943997,-38.719032
-3.944160,-38.718990
-3.943991,-38.719044
-3.936579,-38.724155
-3.943989,-38.719097
-3.936577,-38.724163
-3.944022,-38.719143
-3.936696,-38.724312
-3.944047,-38.719250
-3.944019,-38.719276
-3.944046,-38.719276
-3.944080,-38.719288
-3.936621,-38.724232
-3.944063,-38.719265
-3.944071,-38.719189
-3.944065,-38.719280
-3.944053,-38.719284
-3.944042,-38.719288
-3.943932,-38.719311
-3.943938,-38.719311
-3.943938,-38.719307
-3.943940,-38.719307
-3.943854,-38.719299
-3.943814,-38.719322
-3.943750,-38.719311
-3.943984,-38.719307
-3.943676,-38.719296
-3.943646,-38.719299
-3.943538,-38.719219
-3.936501,-38.724125
-3.943495,-38.719196
-3.936491,-38.724136
-3.943421,-38.719151
-3.936476,-38.724174
-3.943390,-38.719135
-3.936514,-38.724201
-3.936504,-38.724201
-3.943341,-38.719051
-3.943341,-38.719036
-3.936514,-38.724171
-3.943344,-38.719021
-3.936471,-38.724117
-3.943279,-38.718994
-3.936464,-38.724098
-3.943546,-38.719254
-3.943115,-38.718784
-3.943012,-38.718826
-3.942997,-38.718830
-3.942930,-38.718880
-3.942876,-38.718910
-3.942822,-38.718933
-3.942782,-38.718945
-3.942734,-38.718971
-3.943176,-38.718838
-3.944319,-38.719051
-3.944323,-38.719036
-3.944302,-38.719048
-3.944307,-38.719048
-3.944311,-38.719044
-3.944307,-38.719040
-3.944321,-38.719040
-3.944294,-38.719055
-3.944275,-38.719063
-3.944266,-38.719051
-3.944281,-38.719044
-3.944294,-38.719032
-3.944328,-38.719009
-3.944279,-38.719048
-3.944348,-38.718998
-3.944354,-38.718994
-3.944366,-38.718990
-3.944378,-38.718987
-3.944393,-38.718990
-3.944382,-38.718998
-3.944374,-38.719006
-3.944381,-38.719006
-3.944382,-38.719006
-3.944373,-38.719006
-3.944375,-38.718994
-3.944377,-38.719002
-3.944385,-38.719002
-3.944387,-38.718990
-3.944374,-38.719006
-3.944382,-38.718994
-3.944383,-38.719006
-3.944396,-38.718998
-3.944406,-38.718994
-3.944375,-38.719002
-3.944453,-38.718987
-3.944387,-38.718998
-3.944491,-38.718960
-3.944474,-38.718960
-3.944422,-38.718983
-3.944432,-38.718979
-3.944497,-38.718952
-3.944452,-38.718971
-3.944440,-38.718971
-3.944454,-38.718967
-3.944475,-38.718960
-3.942644,-38.718979
-3.942590,-38.719021
-3.942492,-38.719006
-3.942448,-38.719017
-3.942414,-38.719036
-3.942371,-38.719036
-3.942315,-38.719036
-3.942280,-38.719036
-3.942250,-38.719036
-3.938336,-38.719460
-3.938580,-38.719509
-3.938343,-38.719490
-3.938364,-38.719528
-3.938317,-38.719498
-3.938277,-38.719471
-3.938213,-38.719421
-3.938135,-38.719383
-3.938066,-38.719276
-3.938039,-38.719231
-3.938135,-38.719379
-3.938004,-38.719177
-3.937904,-38.719158
-3.937890,-38.719181
-3.937788,-38.719177
-3.938082,-38.719315
-3.937573,-38.719166
-3.937513,-38.719189
-3.937516,-38.719196
-3.937665,-38.719158
-3.937544,-38.719177
-3.937537,-38.719185
-3.937531,-38.719193
-3.937511,-38.719185
-3.937499,-38.719170
-3.937489,-38.719166
-3.937483,-38.719173
-3.937494,-38.719162
-3.937502,-38.719154
-3.937478,-38.719158
-3.937464,-38.719166
-3.937454,-38.719177
-3.937504,-38.719181
-3.937440,-38.719212
-3.937445,-38.719215
-3.937452,-38.719215
-3.937456,-38.719227
-3.937445,-38.719254
-3.937443,-38.719261
-3.937435,-38.719261
-3.937444,-38.719242
-3.937451,-38.719200
-3.937467,-38.719204
-3.937468,-38.719193
-3.937461,-38.719181
-3.937463,-38.719181
-3.937448,-38.719170
-3.937447,-38.719170
-3.937460,-38.719166
-3.937468,-38.719166
-3.937482,-38.719173
-3.937500,-38.719212
-3.937509,-38.719219
-3.937499,-38.719200
-3.937484,-38.719185
-3.937476,-38.719166
-3.937475,-38.719166
-3.937460,-38.719162
-3.937471,-38.719173
-3.937495,-38.719196
-3.937493,-38.719177
-3.937484,-38.719173
-3.937482,-38.719173
-3.937468,-38.719162
-3.937456,-38.719151
-3.937455,-38.719143
-3.937451,-38.719143
-3.937439,-38.719135
-3.937431,-38.719131
-3.937443,-38.719120
-3.937450,-38.719116
-3.937431,-38.719131
-3.937444,-38.719112
-3.937405,-38.719158
-3.937402,-38.719158
-3.937413,-38.719162
-3.937406,-38.719177
-3.937398,-38.719185
-3.937409,-38.719173
-3.937424,-38.719173
-3.937399,-38.719185
-3.937442,-38.719173
-3.937451,-38.719189
-3.937466,-38.719189
-3.937477,-38.719177
-3.937485,-38.719170
-3.937489,-38.719158
-3.942240,-38.719074
-3.942118,-38.719051
-3.942063,-38.719036
-3.942044,-38.719028
-3.942001,-38.719002
-3.941952,-38.718987
-3.941886,-38.718987
-3.941819,-38.719009
-3.941764,-38.719021
-3.942168,-38.719055
-3.937539,-38.719170
-3.937532,-38.719170
-3.937528,-38.719177
-3.937519,-38.719193
-3.937507,-38.719143
-3.937497,-38.719212
-3.937500,-38.719212
-3.937494,-38.719204
-3.937486,-38.719212
-3.937488,-38.719193
-3.937474,-38.719158
-3.937469,-38.719154
-3.937458,-38.719143
-3.937464,-38.719139
-3.937463,-38.719154
-3.937469,-38.719154
-3.937466,-38.719151
-3.937458,-38.719139
-3.937478,-38.719166
-3.937429,-38.719139
-3.937433,-38.719143
-3.937422,-38.719143
-3.937415,-38.719139
-3.937412,-38.719139
-3.937396,-38.719124
-3.937394,-38.719116
-3.937422,-38.719135
-3.937452,-38.719158
-3.937452,-38.719158
-3.937436,-38.719151
-3.937448,-38.719151
-3.937446,-38.719143
-3.937439,-38.719143
-3.937435,-38.719139
-3.937440,-38.719143
-3.937453,-38.719154
-3.937469,-38.719166
-3.937499,-38.719193
-3.937503,-38.719193
-3.937512,-38.719204
-3.937518,-38.719215
-3.937483,-38.719177
-3.937526,-38.719219
-3.937524,-38.719215
-3.937489,-38.719200
-3.937494,-38.719185
-3.937437,-38.719200
-3.937431,-38.719200
-3.937413,-38.719204
-3.937466,-38.719200
-3.937407,-38.719200
-3.937409,-38.719196
-3.937407,-38.719200
-3.937401,-38.719212
-3.937401,-38.719215
-3.937463,-38.719200
-3.937413,-38.719223
-3.937408,-38.719219
-3.937399,-38.719177
-3.937407,-38.719219
-3.937402,-38.719151
-3.937410,-38.719158
-3.937381,-38.719158
-3.937407,-38.719215
-3.937361,-38.719185
-3.937352,-38.719181
-3.937351,-38.719185
-3.937334,-38.719185
-3.937371,-38.719162
-3.937335,-38.719181
-3.937365,-38.719170
-3.937346,-38.719185
-3.937354,-38.719181
-3.937347,-38.719181
-3.937356,-38.719193
-3.937354,-38.719181
-3.937361,-38.719177
-3.937362,-38.719181
-3.937366,-38.719177
-3.937371,-38.719173
-3.937354,-38.719166
-3.937376,-38.719128
-3.937416,-38.719074
-3.937429,-38.719067
-3.937414,-38.719082
-3.937398,-38.719135
-3.937398,-38.719135
-3.937412,-38.719109
-3.937405,-38.719097
-3.937358,-38.719162
-3.941651,-38.719048
-3.941611,-38.719044
-3.941597,-38.719044
-3.941508,-38.719051
-3.941451,-38.719044
-3.941392,-38.719032
-3.941357,-38.719021
-3.941701,-38.719040
-3.937387,-38.719093
-3.937422,-38.719059
-3.937427,-38.719063
-3.937438,-38.719059
-3.937454,-38.719059
-3.937413,-38.719097
-3.937424,-38.719093
-3.937393,-38.719109
-3.937413,-38.719189
-3.937389,-38.719223
-3.937360,-38.719227
-3.937334,-38.719231
-3.937421,-38.719093
-3.937330,-38.719234
-3.937343,-38.719204
-3.937359,-38.719181
-3.937350,-38.719154
-3.937410,-38.719097
-3.937419,-38.719128
-3.937448,-38.719009
-3.937481,-38.719036
-3.937481,-38.719044
-3.937453,-38.719074
-3.937445,-38.719093
-3.937430,-38.719070
-3.937440,-38.719105
-3.937443,-38.719097
-3.937454,-38.719105
-3.937438,-38.719040
-3.937434,-38.719131
-3.937433,-38.719124
-3.937423,-38.719055
-3.937433,-38.719040
-3.937436,-38.719032
-3.937458,-38.719051
-3.937469,-38.719074
-3.937476,-38.719074
-3.937495,-38.719097
-3.937437,-38.719135
-3.937493,-38.719097
-3.937477,-38.719078
-3.937476,-38.719074
-3.937459,-38.719109
-3.937468,-38.719128
-3.937469,-38.719131
-3.937466,-38.719116
-3.937500,-38.719090
-3.937462,-38.719090
-3.937458,-38.719097
-3.937462,-38.719101
-3.937463,-38.719093
-3.937468,-38.719036
-3.937469,-38.719036
-3.937462,-38.719040
-3.937457,-38.719040
-3.937423,-38.719055
-3.937399,-38.719120
-3.937397,-38.719124
-3.937392,-38.719143
-3.937390,-38.719151
-3.937391,-38.719154
-3.937371,-38.719151
-3.937372,-38.719154
-3.937393,-38.719170
-3.937398,-38.719170
-3.937433,-38.719105
-3.937431,-38.719093
-3.937431,-38.719093
-3.941215,-38.718990
-3.941163,-38.718994
-3.941312,-38.718998
-3.941111,-38.718987
-3.941101,-38.718960
-3.941050,-38.718956
-3.941047,-38.718960
-3.941041,-38.718960
-3.941011,-38.718956
-3.940972,-38.718956
-3.937440,-38.719078
-3.937487,-38.719051
-3.937494,-38.719044
-3.937501,-38.719036
-3.937502,-38.719048
-3.937489,-38.719055
-3.937474,-38.719055
-3.937426,-38.718994
-3.937415,-38.719032
-3.937405,-38.719070
-3.937404,-38.719078
-3.937390,-38.719093
-3.937374,-38.719124
-3.937371,-38.719131
-3.937425,-38.718994
-3.937370,-38.719143
-3.937370,-38.719143
-3.937369,-38.719143
-3.937365,-38.719143
-3.937361,-38.719135
-3.937352,-38.719128
-3.937359,-38.719131
-3.937364,-38.719139
-3.937368,-38.719143
-3.937374,-38.719139
-3.937363,-38.719139
-3.937369,-38.719162
-3.937364,-38.719166
-3.937362,-38.719139
-3.937375,-38.719177
-3.937369,-38.719181
-3.937355,-38.719189
-3.937359,-38.719189
-3.937359,-38.719212
-3.937360,-38.719204
-3.937361,-38.719219
-3.937368,-38.719204
-3.937325,-38.719193
-3.937324,-38.719200
-3.937326,-38.719196
-3.937318,-38.719196
-3.937330,-38.719196
-3.937338,-38.719196
-3.937338,-38.719196
-3.937325,-38.719200
-3.937342,-38.719196
-3.937367,-38.719200
-3.937394,-38.719200
-3.937407,-38.719196
-3.937400,-38.719158
-3.937389,-38.719166
-3.937393,-38.719166
-3.937392,-38.719173
-3.937387,-38.719173
-3.937384,-38.719177
-3.937379,-38.719189
-3.937373,-38.719170
-3.937366,-38.719177
-3.937362,-38.719193
-3.937304,-38.719200
-3.937300,-38.719193
-3.937369,-38.719185
-3.937338,-38.719143
-3.937370,-38.719124
-3.937353,-38.719109
-3.937346,-38.719124
-3.937340,-38.719131
-3.937348,-38.719131
-3.937358,-38.719135
-3.937368,-38.719112
-3.937359,-38.719158
-3.937347,-38.719181
-3.937343,-38.719185
-3.937350,-38.719185
-3.937358,-38.719185
-3.937361,-38.719189
-3.937377,-38.719158
-3.937380,-38.719158
-3.937377,-38.719166
-3.937344,-38.719181
-3.937364,-38.719177
-3.937359,-38.719177
-3.937352,-38.719189
-3.937369,-38.719189
-3.937317,-38.719242
-3.937318,-38.719246
-3.937324,-38.719250
-3.937359,-38.719185
-3.937338,-38.719246
-3.937342,-38.719254
-3.940834,-38.718979
-3.940781,-38.719006
-3.940711,-38.719036
-3.940650,-38.719044
-3.940629,-38.719070
-3.940593,-38.719124
-3.940515,-38.719143
-3.940901,-38.718987
-3.937337,-38.719196
-3.937339,-38.719200
-3.937335,-38.719234
-3.937333,-38.719257
-3.937328,-38.719265
-3.937346,-38.719254
-3.937320,-38.719223
-3.937352,-38.719265
-3.937326,-38.719234
-3.937314,-38.719219
-3.937314,-38.719212
-3.937304,-38.719204
-3.937307,-38.719193
-3.937309,-38.719189
-3.937337,-38.719265
-3.937311,-38.719181
-3.937310,-38.719181
-3.937302,-38.719189
-3.937316,-38.719170
-3.937333,-38.719154
-3.937330,-38.719154
-3.937321,-38.719154
-3.937318,-38.719166
-3.937301,-38.719193
-3.937311,-38.719170
-3.937308,-38.719170
-3.937302,-38.719166
-3.937302,-38.719158
-3.937298,-38.719154
-3.937301,-38.719151
-3.937304,-38.719151
-3.937304,-38.719166
-3.937306,-38.719170
-3.937304,-38.719166
-3.937309,-38.719162
-3.937297,-38.719170
-3.937296,-38.719166
-3.937295,-38.719173
-3.937295,-38.719173
-3.937294,-38.719173
-3.937306,-38.719162
-3.937305,-38.719162
-3.937307,-38.719154
-3.937307,-38.719170
-3.937311,-38.719166
-3.937312,-38.719173
-3.937311,-38.719177
-3.937309,-38.719170
-3.937313,-38.719162
-3.937310,-38.719170
-3.937313,-38.719177
-3.937310,-38.719170
-3.937326,-38.719154
-3.937317,-38.719158
-3.937324,-38.719158
-3.937323,-38.719158
-3.937328,-38.719154
-3.937332,-38.719154
-3.937340,-38.719154
-3.937331,-38.719151
-3.937322,-38.719162
-3.937313,-38.719154
-3.937311,-38.719158
-3.937307,-38.719162
-3.937305,-38.719158
-3.937302,-38.719162
-3.937325,-38.719173
-3.937332,-38.719162
-3.937322,-38.719166
-3.937310,-38.719185
-3.937310,-38.719170
-3.937307,-38.719170
-3.937317,-38.719166
-3.937332,-38.719162
-3.937345,-38.719143
-3.937344,-38.719116
-3.937313,-38.719181
-3.937325,-38.719120
-3.937325,-38.719131
-3.937317,-38.719124
-3.937304,-38.719120
-3.937298,-38.719116
-3.937296,-38.719112
-3.937307,-38.719128
-3.937364,-38.719204
-3.937404,-38.719273
-3.937325,-38.719135
-3.940446,-38.719185
-3.940402,-38.719181
-3.940339,-38.719177
-3.940300,-38.719173
-3.940248,-38.719166
-3.940213,-38.719158
-3.940157,-38.719158
-3.940125,-38.719166
-3.940467,-38.719185
-3.940117,-38.719170
-3.940018,-38.719212
-3.939957,-38.719246
-3.939909,-38.719280
-3.939888,-38.719288
-3.939786,-38.719334
-3.939759,-38.719345
-3.939744,-38.719353
-3.939712,-38.719402
-3.940079,-38.719185
-3.939682,-38.719433
-3.939595,-38.719463
-3.939591,-38.719486
-3.939563,-38.719505
-3.939611,-38.719639
-3.939579,-38.719677
-3.939532,-38.719650
-3.939409,-38.719585
-3.939629,-38.719460
-3.939346,-38.719555
-3.939159,-38.719517
-3.939137,-38.719521
-3.939107,-38.719501
-3.939057,-38.719498
-3.939030,-38.719498
-3.938954,-38.719490
-3.938902,-38.719490
-3.938767,-38.719482
-3.938849,-38.719479
-3.938772,-38.719498
-3.938733,-38.719517
-3.938681,-38.719494
-3.938667,-38.719498
-3.938681,-38.719528
-3.938841,-38.719498
-3.937463,-38.719387
-3.937499,-38.719463
-3.937527,-38.719471
-3.937535,-38.719479
-3.937347,-38.719170
-3.937346,-38.719170
-3.937338,-38.719166
-3.937334,-38.719166
-3.937328,-38.719162
-3.937335,-38.719158
-3.937338,-38.719158
-3.937334,-38.719154
-3.937340,-38.719158
-3.937334,-38.719151
-3.937337,-38.719143
-3.937338,-38.719143
-3.937337,-38.719139
-3.937347,-38.719135
-3.937345,-38.719135
-3.937347,-38.719109
-3.937340,-38.719093
-3.937330,-38.719082
-3.937337,-38.719090
-3.937328,-38.719090
-3.937332,-38.719101
-3.937345,-38.719143
-3.937353,-38.719082
-3.937332,-38.719097
-3.937353,-38.719082
-3.937363,-38.719078
-3.937368,-38.719101
-3.937371,-38.719109
-3.937367,-38.719112
-3.937371,-38.719120
-3.937351,-38.719101
-3.937362,-38.719139
-3.937365,-38.719120
-3.937365,-38.719143
-3.937356,-38.719158
-3.937342,-38.719166
-3.937339,-38.719158
-3.937368,-38.719131
-3.937356,-38.719162
-3.937356,-38.719158
-3.937349,-38.719162
-3.937343,-38.719143
-3.937345,-38.719139
-3.937346,-38.719139
-3.937356,-38.719154
-3.937363,-38.719162
-3.937351,-38.719170
-3.937348,-38.719162
-3.937345,-38.719158
-3.937341,-38.719162
-3.937339,-38.719162
-3.937338,-38.719158
-3.937336,-38.719158
-3.937340,-38.719162
-3.937335,-38.719158
-3.937334,-38.719170
-3.937341,-38.719181
-3.937343,-38.719189
-3.937341,-38.719185
-3.937325,-38.719162
-3.937324,-38.719162
-3.937324,-38.719154
-3.937327,-38.719151
-3.937330,-38.719151
-3.937329,-38.719143
-3.937335,-38.719177
-3.937326,-38.719135
-3.937329,-38.719151
-3.937332,-38.719151
-3.937356,-38.719173
-3.937361,-38.719181
-3.937363,-38.719166
-3.937358,-38.719158
-3.937547,-38.719479
-3.937546,-38.719475
-3.937527,-38.719463
-3.937520,-38.719456
-3.937519,-38.719456
-3.937511,-38.719444
-3.937448,-38.719395
-3.937420,-38.719387
-3.937388,-38.719368
-3.937343,-38.719128
-3.937331,-38.719116
-3.937328,-38.719112
-3.937326,-38.719109
-3.937325,-38.719109
-3.937327,-38.719112
-3.937326,-38.719116
-3.937339,-38.719124
-3.937331,-38.719135
-3.937332,-38.719131
-3.937340,-38.719116
-3.937336,-38.719109
-3.937328,-38.719109
-3.937327,-38.719162
-3.937321,-38.719177
-3.937319,-38.719177
-3.937318,-38.719189
-3.937329,-38.719200
-3.937332,-38.719212
-3.937337,-38.719193
-3.937361,-38.719154
-3.937360,-38.719151
-3.937352,-38.719170
-3.937358,-38.719143
-3.937393,-38.719151
-3.937386,-38.719124
-3.937390,-38.719128
-3.937390,-38.719120
-3.937355,-38.719158
-3.937413,-38.719173
-3.937420,-38.719185
-3.937398,-38.719151
-3.937389,-38.719170
-3.937379,-38.719162
-3.937382,-38.719170
-3.937415,-38.719173
-3.937381,-38.719170
-3.937382,-38.719166
-3.937390,-38.719166
-3.937403,-38.719162
-3.937411,-38.719185
-3.937408,-38.719173
-3.937402,-38.719193
-3.937396,-38.719185
-3.937396,-38.719173
-3.937393,-38.719158
-3.937382,-38.719170
-3.937378,-38.719162
-3.937393,-38.719177
-3.937395,-38.719185
-3.937387,-38.719173
-3.937372,-38.719162
-3.937371,-38.719158
-3.937364,-38.719131
-3.937364,-38.719131
-3.937357,-38.719116
-3.937373,-38.719128
-3.937368,-38.719135
-3.937369,-38.719131
-3.937369,-38.719135
-3.937377,-38.719143
-3.937381,-38.719143
-3.937382,-38.719143
-3.937372,-38.719116
-3.937368,-38.719124
-3.937362,-38.719116
-3.937383,-38.719131
-3.937355,-38.719105
-3.937358,-38.719120
-3.937384,-38.719124
-3.937373,-38.719353
-3.937338,-38.719250
-3.937327,-38.719238
-3.937331,-38.719231
-3.937324,-38.719223
-3.937323,-38.719227
-3.937313,-38.719223
-3.937352,-38.719318
-3.937366,-38.719105
-3.937354,-38.719090
-3.937358,-38.719078
-3.937373,-38.719131
-3.937382,-38.719177
-3.937389,-38.719162
-3.937390,-38.719158
-3.937387,-38.719177
-3.937389,-38.719173
-3.937389,-38.719173
-3.937392,-38.719170
-3.937395,-38.719166
-3.937400,-38.719170
-3.937394,-38.719173
-3.937393,-38.719193
-3.937399,-38.719189
-3.937400,-38.719185
-3.937401,-38.719185
-3.937390,-38.719181
-3.937407,-38.719173
-3.937415,-38.719170
-3.937417,-38.719173
-3.937393,-38.719181
-3.937382,-38.719131
-3.937363,-38.719128
-3.937389,-38.719158
-3.937392,-38.719162
-3.937402,-38.719139
-3.937384,-38.719166
-3.937379,-38.719170
-3.937378,-38.719162
-3.937378,-38.719158
-3.937385,-38.719166
-3.937390,-38.719177
-3.937389,-38.719173
-3.937385,-38.719166
-3.937380,-38.719158
-3.937389,-38.719170
-3.937397,-38.719185
-3.937396,-38.719193
-3.937382,-38.719212
-3.937384,-38.719215
-3.937387,-38.719200
-3.937390,-38.719193
-3.937411,-38.719181
-3.937387,-38.719185
-3.937386,-38.719181
-3.937395,-38.719185
-3.937392,-38.719185
-3.937389,-38.719189
-3.937358,-38.719154
-3.937358,-38.719143
-3.937362,-38.719135
-3.937390,-38.719185
-3.937382,-38.719097
-3.937376,-38.719131
-3.937373,-38.719131
-3.937382,-38.719162
-3.937382,-38.719177
-3.937379,-38.719181
-3.937377,-38.719101
-3.937386,-38.719181
-3.937390,-38.719196
-3.937393,-38.719200
-3.937398,-38.719212
-3.937399,-38.719219
-3.937394,-38.719212
-3.937401,-38.719196
-3.937400,-38.719193
-3.937376,-38.719177
-3.937390,-38.719185
-3.937394,-38.719227
-3.937386,-38.719223
-3.937320,-38.719212
-3.937329,-38.719212
-3.937331,-38.719212
-3.937325,-38.719212
-3.937325,-38.719215
-3.937321,-38.719223
-3.937335,-38.719238
-3.937334,-38.719238
-3.937309,-38.719212
-3.937402,-38.719223
-3.937386,-38.719223
-3.937408,-38.719231
-3.937384,-38.719219
-3.937417,-38.719238
-3.937408,-38.719246
-3.937405,-38.719234
-3.937404,-38.719231
-3.937409,-38.719223
-3.937403,-38.719231
-3.937398,-38.719219
-3.937392,-38.719227
-3.937390,-38.719231
-3.937412,-38.719223
-3.937354,-38.719284
-3.937353,-38.719280
-3.937340,-38.719273
-3.937374,-38.719250
-3.937326,-38.719292
-3.937336,-38.719280
-3.937329,-38.719284
-3.937315,-38.719311
-3.937368,-38.719261
-3.937334,-38.719299
-3.937348,-38.719299
-3.937361,-38.719242
-3.937370,-38.719193
-3.937377,-38.719185
-3.937318,-38.719303
-3.937377,-38.719181
-3.937369,-38.719173
-3.937328,-38.719307
-3.937383,-38.719185
-3.937382,-38.719204
-3.937385,-38.719204
-3.937387,-38.719204
-3.937394,-38.719196
-3.937416,-38.719185
-3.937416,-38.719173
-3.937430,-38.719166
-3.937410,-38.719162
-3.937412,-38.719170
-3.937428,-38.719173
-3.937445,-38.719177
-3.937421,-38.719162
-3.937478,-38.719170
-3.937409,-38.719162
-3.937470,-38.719166
-3.937454,-38.719173
-3.937479,-38.719101
-3.937481,-38.719097
-3.937489,-38.719101
-3.937462,-38.719162
-3.937474,-38.719135
-3.937465,-38.719124
-3.937440,-38.719131
-3.937437,-38.719135
-3.937453,-38.719143
-3.937432,-38.719139
-3.937426,-38.719154
-3.937430,-38.719158
-3.937466,-38.719143
-3.937427,-38.719154
-3.937398,-38.719181
-3.937367,-38.719173
-3.937365,-38.719181
-3.937364,-38.719177
-3.937371,-38.719185
-3.937384,-38.719193
-3.937385,-38.719261
-3.937401,-38.719261
-3.937413,-38.719238
-3.937334,-38.719250
-3.937337,-38.719261
-3.937346,-38.719246
-3.937344,-38.719234
-3.937332,-38.719250
-3.937432,-38.719238
-3.937433,-38.719227
-3.937423,-38.719223
-3.937410,-38.719215
-3.937426,-38.719242
-3.937416,-38.719212
-3.937407,-38.719204
-3.937409,-38.719200
-3.937418,-38.719212
-3.937434,-38.719212
-3.937436,-38.719212
-3.937432,-38.719215
-3.937429,-38.719227
-3.937415,-38.719223
-3.937407,-38.719223
-3.937390,-38.719219
-3.937382,-38.719200
-3.937383,-38.719196
-3.937395,-38.719189
-3.937387,-38.719177
-3.937398,-38.719223
-3.937392,-38.719227
-3.937392,-38.719227
-3.937393,-38.719227
-3.937403,-38.719223
-3.937407,-38.719215
-3.937403,-38.719185
-3.937394,-38.719227
-3.937384,-38.719177
-3.937381,-38.719177
-3.937394,-38.719151
-3.937384,-38.719162
-3.937381,-38.719162
-3.937374,-38.719170
-3.937374,-38.719170
-3.937350,-38.719173
-3.937387,-38.719154
-3.937352,-38.719177
-3.937351,-38.719189
-3.937352,-38.719173
-3.937359,-38.719128
-3.937359,-38.719128
-3.937361,-38.719124
-3.937371,-38.719135
-3.937373,-38.719154
-3.937372,-38.719166
-3.937383,-38.719181
-3.937375,-38.719189
-3.937374,-38.719189
-3.937365,-38.719185
-3.937368,-38.719185
-3.937356,-38.719193
-3.937362,-38.719196
-3.937366,-38.719193
-3.937373,-38.719200
-3.937363,-38.719212
-3.937356,-38.719212
-3.937355,-38.719193
-3.937363,-38.719212
-3.937364,-38.719212
-3.937359,-38.719215
-3.937362,-38.719219
-3.937355,-38.719231
-3.937356,-38.719231
-3.937372,-38.719219
-3.937376,-38.719219
-3.937383,-38.719200
-3.937392,-38.719204
-3.937361,-38.719231
-3.937392,-38.719196
-3.937360,-38.719193
-3.937355,-38.719181
-3.937352,-38.719189
-3.937348,-38.719170
-3.937344,-38.719170
-3.937343,-38.719173
-3.937349,-38.719227
-3.937328,-38.719185
-3.937330,-38.719177
-3.937331,-38.719177
-3.937332,-38.719170
-3.937329,-38.719166
-3.937326,-38.719166
-3.937317,-38.719166
-3.937315,-38.719173
-3.937314,-38.719173
-3.937317,-38.719177
-3.937319,-38.719185
-3.937316,-38.719193
-3.937316,-38.719196
-3.937320,-38.719166
-3.937316,-38.719219
-3.937314,-38.719227
-3.937315,-38.719234
-3.937319,-38.719227
-3.937320,-38.719227
-3.937320,-38.719223
-3.937325,-38.719200
-3.937331,-38.719200
-3.937318,-38.719212
-3.937333,-38.719196
-3.937335,-38.719193
-3.937330,-38.719200
-3.937339,-38.719196
-3.937346,-38.719193
-3.937348,-38.719193
-3.937350,-38.719189
-3.937353,-38.719189
-3.937354,-38.719185
-3.937348,-38.719181
-3.937350,-38.719170
-3.937349,-38.719166
-3.937356,-38.719177
-3.937343,-38.719166
-3.937344,-38.719112
-3.937346,-38.719124
-3.937323,-38.719204
-3.937342,-38.719131
-3.937326,-38.719200
-3.937334,-38.719215
-3.937349,-38.719189
-3.937343,-38.719189
-3.937332,-38.719185
-3.937312,-38.719193
-3.937323,-38.719196
-3.937307,-38.719276
-3.937307,-38.719280
-3.937337,-38.719254
-3.937370,-38.719254
-3.937344,-38.719200
-3.937362,-38.719242
-3.937365,-38.719254
-3.937394,-38.719097
-3.937366,-38.719135
-3.937298,-38.719250
-3.937300,-38.719227
-3.937299,-38.719200
-3.937287,-38.719215
-3.937325,-38.719120
-3.937313,-38.719158
-3.937294,-38.719223
-3.937272,-38.719307
-3.937288,-38.719326
-3.937303,-38.719296
-3.937302,-38.719288
-3.937303,-38.719276
-3.937321,-38.719254
-3.937356,-38.719219
-3.937358,-38.719227
-3.937347,-38.719242
-3.937362,-38.719204
-3.937372,-38.719189
-3.937421,-38.719158
-3.937384,-38.719128
-3.937358,-38.719173
-3.937348,-38.719238
-3.937312,-38.719246
-3.937300,-38.719257
-3.937359,-38.719204
-3.937303,-38.719246
-3.937346,-38.719204
-3.937350,-38.719215
-3.937350,-38.719212
-3.937346,-38.719223
-3.937319,-38.719238
-3.937316,-38.719231
-3.937318,-38.719231
-3.937318,-38.719227
-3.937333,-38.719212
-3.937330,-38.719200
-3.937329,-38.719185
-3.937318,-38.719185
-3.937315,-38.719227
-3.937314,-38.719189
-3.937320,-38.719196
-3.937320,-38.719185
-3.937333,-38.719212
-3.937332,-38.719204
-3.937342,-38.719189
-3.937333,-38.719193
-3.937316,-38.719193
-3.937345,-38.719185
-3.937341,-38.719189
-3.937339,-38.719177
-3.937328,-38.719177
-3.937334,-38.719185
-3.937322,-38.719189
-3.937324,-38.719196
-3.937320,-38.719204
-3.937326,-38.719189
-3.937324,-38.719193
-3.937300,-38.719200
-3.937318,-38.719223
-3.937333,-38.719219
-3.937339,-38.719227
-3.937328,-38.719212
-3.937347,-38.719193
-3.937330,-38.719219
-3.937340,-38.719200
-3.937334,-38.719223
-3.937315,-38.719193
-3.937302,-38.719162
-3.937309,-38.719166
-3.937312,-38.719204
-3.937325,-38.719200
-3.937328,-38.719200
-3.937326,-38.719196
-3.937319,-38.719189
-3.937316,-38.719189
-3.937326,-38.719200
-3.937333,-38.719212
-3.937315,-38.719215
-3.937319,-38.719227
-3.937322,-38.719219
-3.937328,-38.719185
-3.937319,-38.719219
-3.937321,-38.719231
-3.937315,-38.719223
-3.937314,-38.719212
-3.937325,-38.719185
-3.937334,-38.719223
-3.937329,-38.719212
-3.937333,-38.719193
-3.937332,-38.719181
-3.937320,-38.719227
-3.937329,-38.719177
-3.937336,-38.719189
-3.937327,-38.719212
-3.937320,-38.719204
-3.937320,-38.719238
-3.937326,-38.719193
-3.937323,-38.719173
-3.937310,-38.719231
-3.937315,-38.719177
-3.937316,-38.719177
-3.937328,-38.719131
-3.937332,-38.719154
-3.937332,-38.719154
-3.937335,-38.719177
-3.937338,-38.719177
-3.937332,-38.719212
-3.937329,-38.719231
-3.937330,-38.719231
-3.937328,-38.719154
-3.937346,-38.719189
-3.937346,-38.719193
-3.937351,-38.719189
-3.937356,-38.719200
-3.937344,-38.719223
-3.937341,-38.719219
-3.937338,-38.719212
-3.937343,-38.719204
-3.937349,-38.719231
-3.937334,-38.719223
-3.937354,-38.719273
-3.937348,-38.719261
-3.937351,-38.719234
-3.937359,-38.719246
-3.937336,-38.719231
-3.937349,-38.719223
-3.937343,-38.719227
-3.937354,-38.719234
-3.937357,-38.719212
-3.937364,-38.719227
-3.937365,-38.719231
-3.937366,-38.719223
-3.937396,-38.719219
-3.937396,-38.719219
-3.937387,-38.719242
-3.937364,-38.719196
-3.937376,-38.719261
-3.937377,-38.719280
-3.937382,-38.719292
-3.937395,-38.719299
-3.937323,-38.719227
-3.937358,-38.719219
-3.937324,-38.719227
-3.937323,-38.719231
-3.937339,-38.719227
-3.937392,-38.719292
-3.937387,-38.719261
-3.937388,-38.719265
-3.937390,-38.719261
-3.937392,-38.719315
-3.937426,-38.719276
-3.937425,-38.719280
-3.937404,-38.719265
-3.937391,-38.719250
-3.937384,-38.719250
-3.937354,-38.719238
-3.937339,-38.719238
-3.937328,-38.719261
-3.937403,-38.719254
-3.937286,-38.719212
-3.937307,-38.719200
-3.937190,-38.719109
-3.937146,-38.719044
-3.937164,-38.719063
-3.937091,-38.718990
-3.936927,-38.718723
-3.937017,-38.718876
-3.937135,-38.719009
-3.937181,-38.719097
-3.937214,-38.719135
-3.937227,-38.719151
-3.937237,-38.719166
-3.936978,-38.718803
-3.937281,-38.719170
-3.937277,-38.719173
-3.937298,-38.719170
-3.937313,-38.719170
-3.937303,-38.719177
-3.937313,-38.719189
-3.937318,-38.719204
-3.937325,-38.719219
-3.937317,-38.719261
-3.937318,-38.719326
-3.937339,-38.719303
-3.937356,-38.719280
-3.937363,-38.719257
-3.937371,-38.719250
-3.937382,-38.719261
-3.937384,-38.719280
-3.937381,-38.719273
-3.937373,-38.719265
-3.937373,-38.719246
-3.937372,-38.719234
-3.937378,-38.719246
-3.937381,-38.719250
-3.937379,-38.719246
-3.937377,-38.719215
-3.937377,-38.719181
-3.937359,-38.719212
-3.937369,-38.719189
-3.937378,-38.719193
-3.937360,-38.719139
-3.937326,-38.719315
-3.937318,-38.719383
-3.937328,-38.719364
-3.937307,-38.719284
-3.937343,-38.719223
-3.937331,-38.719200
-3.937330,-38.719151
-3.937353,-38.719234
-3.937315,-38.719280
-3.937308,-38.719273
-3.937304,-38.719257
-3.937290,-38.719254
-3.937297,-38.719231
-3.937305,-38.719223
-3.937323,-38.719219
-3.937321,-38.719219
-3.937342,-38.719238
-3.937289,-38.719028
-3.937310,-38.719143
-3.937320,-38.719219
-3.937303,-38.719017
-3.937331,-38.719204
-3.937316,-38.719200
-3.937338,-38.719196
-3.937351,-38.719109
-3.937348,-38.719090
-3.937346,-38.719173
-3.937340,-38.719154
-3.937346,-38.719162
-3.937347,-38.719154
-3.937352,-38.719193
-3.937347,-38.719196
-3.937347,-38.719131
-3.937357,-38.719158
-3.937352,-38.719166
-3.937360,-38.719162
-3.937346,-38.719158
-3.937330,-38.719162
-3.937334,-38.719166
-3.937332,-38.719177
-3.937360,-38.719162
-3.937342,-38.719166
-3.937361,-38.719162
-3.937330,-38.719151
-3.937421,-38.719173
-3.937424,-38.719193
-3.937443,-38.719231
-3.937438,-38.719231
-3.937449,-38.719223
-3.937438,-38.719189
-3.937438,-38.719196
-3.937434,-38.719185
-3.937442,-38.719158
-3.937451,-38.719158
-3.937474,-38.719158
-3.937454,-38.719128
-3.937469,-38.719185
-3.937486,-38.719200
-3.937507,-38.719204
-3.937517,-38.719234
-3.937480,-38.719162
-3.937484,-38.719170
-3.937473,-38.719173
-3.937487,-38.719200
-3.937479,-38.719177
-3.937495,-38.719185
-3.937485,-38.719124
-3.937492,-38.719101
-3.937486,-38.719101
-3.937485,-38.719120
-3.937483,-38.719193
-3.937485,-38.719105
-3.937483,-38.719112
-3.937469,-38.719204
-3.937469,-38.719200
-3.937461,-38.719223
-3.937462,-38.719234
-3.937464,-38.719303
-3.937482,-38.719124
-3.937467,-38.719296
-3.937484,-38.719246
-3.937489,-38.719231
-3.937504,-38.719246
-3.937505,-38.719250
-3.937469,-38.719296
-3.937295,-38.719242
-3.937286,-38.719273
-3.937289,-38.719273
-3.937282,-38.719261
-3.937320,-38.719231
-3.937481,-38.719246
-3.937482,-38.719234
-3.937484,-38.719234
-3.937496,-38.719234
-3.937544,-38.719276
-3.937554,-38.719318
-3.937526,-38.719284
-3.937485,-38.719273
-3.937505,-38.719254
-3.937506,-38.719246
-3.937486,-38.719158
-3.937487,-38.719151
-3.937483,-38.719143
-3.937468,-38.719158
-3.937479,-38.719181
-3.937500,-38.719143
-3.937560,-38.719242
-3.937474,-38.719200
-3.937449,-38.719185
-3.937484,-38.719154
-3.937466,-38.719193
-3.937464,-38.719200
-3.937465,-38.719200
-3.937478,-38.719215
-3.937441,-38.719181
-3.937465,-38.719223
-3.937456,-38.719227
-3.937456,-38.719223
-3.937453,-38.719215
-3.937442,-38.719193
-3.937449,-38.719196
-3.937449,-38.719204
-3.937446,-38.719204
-3.937446,-38.719212
-3.937442,-38.719204
-3.937483,-38.719189
-3.937504,-38.719227
-3.937501,-38.719238
-3.937484,-38.719234
-3.937446,-38.719261
-3.937438,-38.719234
-3.937443,-38.719196
-3.937456,-38.719227
-3.937457,-38.719234
-3.937464,-38.719273
-3.937466,-38.719250
-3.937461,-38.719215
-3.937482,-38.719204
-3.937480,-38.719193
-3.937491,-38.719196
-3.937455,-38.719276
-3.937496,-38.719193
-3.937496,-38.719200
-3.937489,-38.719196
-3.937481,-38.719200
-3.937494,-38.719193
-3.937488,-38.719193
-3.937511,-38.719177
-3.937571,-38.719124
-3.937593,-38.719154
-3.937311,-38.719238
-3.937322,-38.719219
-3.937329,-38.719200
-3.937328,-38.719215
-3.937323,-38.719227
-3.937312,-38.719250
-3.937326,-38.719250
-3.937329,-38.719238
-3.937331,-38.719204
-3.937309,-38.719173
-3.937360,-38.719154
-3.937368,-38.719154
-3.937364,-38.719143
-3.937370,-38.719151
-3.937358,-38.719189
-3.937313,-38.719193
-3.937347,-38.719231
-3.937341,-38.719242
-3.937339,-38.719250
-3.937357,-38.719276
-3.937400,-38.719124
-3.937346,-38.719177
-3.937341,-38.719177
-3.937347,-38.719170
-3.937330,-38.719204
-3.937320,-38.719231
-3.937312,-38.719234
-3.937256,-38.719170
-3.937288,-38.719189
-3.937336,-38.719204
-3.937288,-38.719181
-3.937298,-38.719166
-3.937283,-38.719173
-3.937286,-38.719154
-3.937317,-38.719131
-3.937331,-38.719166
-3.937311,-38.719170
-3.937628,-38.719177
-3.937621,-38.719166
-3.937611,-38.719158
-3.943976,-38.718754
-3.944003,-38.718765
-3.944047,-38.718800
-3.944046,-38.718800
-3.944046,-38.718800
-3.944050,-38.718803
-3.944046,-38.718807
-3.944045,-38.718811
-3.944040,-38.718819
-3.944049,-38.718807
-3.944038,-38.718822
-3.944024,-38.718784
-3.944033,-38.718803
-3.944029,-38.718800
-3.944049,-38.718815
-3.944047,-38.718815
-3.944046,-38.718807
-3.944054,-38.718803
-3.944051,-38.718807
-3.944050,-38.718815
-3.944061,-38.718822
-3.944047,-38.718811
-3.944060,-38.718811
-3.944054,-38.718792
-3.944041,-38.718788
-3.944056,-38.718792
-3.944068,-38.718822
-3.944073,-38.718826
-3.944083,-38.718822
-3.944096,-38.718792
-3.944097,-38.718788
-3.944112,-38.718796
-3.944114,-38.718788
-3.944049,-38.718769
-3.944053,-38.718788
-3.944051,-38.718777
-3.944045,-38.718815
-3.944040,-38.718800
-3.944045,-38.718803
-3.944044,-38.718811
-3.944042,-38.718803
-3.944046,-38.718815
-3.944047,-38.718822
-3.944050,-38.718822
-3.944039,-38.718826
-3.944034,-38.718822
-3.944034,-38.718822
-3.944031,-38.718815
-3.944030,-38.718815
-3.944032,-38.718811
-3.944030,-38.718800
-3.944023,-38.718803
-3.944030,-38.718815
-3.944035,-38.718815
-3.944045,-38.718800
-3.944026,-38.718788
-3.944027,-38.718792
-3.944022,-38.718796
-3.944006,-38.718788
-3.944012,-38.718815
-3.944016,-38.718819
-3.944004,-38.718803
-3.944004,-38.718807
-3.944110,-38.718815
-3.944111,-38.718788
-3.944088,-38.718811
-3.944089,-38.718807
-3.944091,-38.718819
-3.944077,-38.718819
-3.944008,-38.718796
-3.944010,-38.718796
-3.944004,-38.718784
-3.944039,-38.718811
-3.944052,-38.718822
-3.944060,-38.718826
-3.944018,-38.718792
-3.944081,-38.718830
-3.944046,-38.718826
-3.944048,-38.718819
-3.944051,-38.718819
-3.944081,-38.718830
-3.944067,-38.718834
-3.944063,-38.718822
-3.944072,-38.718838
-3.944063,-38.718838
-3.944079,-38.718845
-3.944055,-38.718830
-3.944044,-38.718811
-3.944050,-38.718777
-3.944047,-38.718811
-3.944052,-38.718792
-3.944059,-38.718800
-3.944046,-38.718796
-3.944054,-38.718800
-3.944057,-38.718792
-3.944061,-38.718773
-3.944115,-38.718819
-3.944112,-38.718815
-3.944119,-38.718864
-3.944122,-38.718861
-3.944127,-38.718876
-3.944118,-38.718887
-3.944058,-38.718792
-3.944060,-38.718777
-3.944086,-38.718822
-3.944075,-38.718845
-3.944071,-38.718826
-3.944080,-38.718822
-3.944093,-38.718777
-3.944084,-38.718788
-3.944081,-38.718792
-3.944077,-38.718769
-3.944074,-38.718773
-3.944083,-38.718792
-3.944068,-38.718792
-3.944058,-38.718803
-3.944054,-38.718807
-3.944051,-38.718811
-3.944059,-38.718811
-3.944068,-38.718792
-3.944075,-38.718800
-3.944064,-38.718800
-3.944080,-38.718792
-3.944065,-38.718796
-3.944051,-38.718792
-3.944056,-38.718792
-3.944053,-38.718792
-3.944053,-38.718777
-3.944043,-38.718811
-3.944078,-38.718830
-3.944056,-38.718769
-3.944062,-38.718788
-3.944059,-38.718788
-3.944060,-38.718792
-3.944094,-38.718864
-3.944099,-38.718872
-3.944079,-38.718800
-3.944080,-38.718777
-3.944066,-38.718826
-3.944069,-38.718803
-3.944065,-38.718853
-3.944075,-38.718849
-3.944076,-38.718857
-3.944085,-38.718845
-3.944087,-38.718857
-3.944076,-38.718857
-3.944077,-38.718792
-3.944079,-38.718815
-3.944024,-38.718800
-3.944060,-38.718811
-3.944058,-38.718826
-3.944078,-38.718815
-3.944064,-38.718830
-3.944077,-38.718822
-3.944072,-38.718819
-3.944069,-38.718819
-3.944070,-38.718811
-3.944082,-38.718807
-3.944068,-38.718792
-3.944068,-38.718792
-3.944080,-38.718777
-3.944064,-38.718792
-3.944066,-38.718788
-3.944081,-38.718788
-3.944077,-38.718800
-3.944034,-38.718834
-3.944030,-38.718845
-3.944052,-38.718826
-3.944047,-38.718834
-3.944069,-38.718815
-3.944072,-38.718815
-3.944063,-38.718822
-3.944068,-38.718815
-3.944061,-38.718826
-3.944069,-38.718830
-3.944072,-38.718826
-3.944073,-38.718834
-3.944062,-38.718845
-3.944063,-38.718849
-3.944060,-38.718853
-3.944052,-38.718838
-3.944063,-38.718845
-3.944071,-38.718838
-3.944058,-38.718845
-3.944057,-38.718845
-3.944046,-38.718838
-3.944064,-38.718853
-3.944082,-38.718849
-3.944066,-38.718834
-3.944072,-38.718845
-3.944084,-38.718845
-3.944090,-38.718838
-3.944103,-38.718819
-3.944107,-38.718838
-3.944014,-38.718822
-3.944111,-38.718777
-3.944128,-38.718777
-3.944117,-38.718807
-3.944096,-38.718826
-3.944069,-38.718792
-3.944053,-38.718769
-3.944046,-38.718857
-3.944034,-38.718807
-3.944034,-38.718803
-3.944024,-38.718788
-3.944027,-38.718784
-3.944038,-38.718765
-3.944062,-38.718830
-3.944022,-38.718815
-3.944049,-38.718822
-3.944005,-38.718803
-3.944005,-38.718803
-3.944046,-38.718822
-3.944007,-38.718807
-3.944197,-38.718864
-3.944192,-38.718864
-3.944177,-38.718872
-3.944175,-38.718849
-3.944174,-38.718857
-3.944106,-38.718800
-3.944153,-38.718853
-3.944043,-38.718788
-3.944040,-38.718788
-3.944037,-38.718784
-3.944033,-38.718777
-3.944035,-38.718773
-3.944025,-38.718769
-3.944061,-38.718792
-3.944083,-38.718811
-3.944123,-38.718830
-3.944092,-38.718834
-3.944092,-38.718838
-3.944093,-38.718838
-3.944087,-38.718834
-3.944077,-38.718830
-3.944079,-38.718822
-3.944077,-38.718819
-3.944054,-38.718800
-3.944072,-38.718811
-3.944076,-38.718830
-3.944039,-38.718803
-3.944027,-38.718803
-3.944030,-38.718803
-3.944033,-38.718803
-3.944030,-38.718803
-3.944040,-38.718803
-3.944024,-38.718800
-3.944048,-38.718807
-3.944085,-38.718811
-3.944035,-38.718803
-3.944092,-38.718815
-3.944107,-38.718815
-3.944108,-38.718811
-3.944106,-38.718815
-3.944094,-38.718822
-3.944069,-38.718819
-3.944063,-38.718819
-3.944067,-38.718819
-3.944066,-38.718819
-3.944069,-38.718819
-3.944069,-38.718811
-3.944089,-38.718815
-3.944094,-38.718815
-3.944099,-38.718819
-3.944096,-38.718815
-3.944088,-38.718819
-3.944082,-38.718819
-3.944077,-38.718822
-3.944041,-38.718826
-3.944082,-38.718830
-3.944051,-38.718826
-3.944067,-38.718819
-3.944088,-38.718819
-3.944052,-38.718826
-3.944056,-38.718845
-3.944044,-38.718819
-3.944043,-38.718796
-3.944070,-38.718849
-3.944054,-38.718796
-3.944102,-38.718819
-3.944095,-38.718822
-3.944085,-38.718819
-3.944083,-38.718830
-3.944081,-38.718815
-3.944067,-38.718822
-3.944072,-38.718830
-3.944078,-38.718807
-3.944091,-38.718845
-3.944095,-38.718868
-3.944091,-38.718864
-3.944090,-38.718849
-3.944093,-38.718849
-3.944081,-38.718845
-3.944088,-38.718857
-3.944106,-38.718857
-3.944079,-38.718822
-3.944091,-38.718815
-3.944086,-38.718807
-3.944081,-38.718815
-3.944078,-38.718834
-3.944093,-38.718849
-3.944102,-38.718849
-3.944114,-38.718849
-3.944080,-38.718853
-3.944095,-38.718849
-3.944089,-38.718868
-3.944096,-38.718853
-3.944100,-38.718849
-3.944022,-38.718754
-3.944041,-38.718769
-3.944092,-38.718845
-3.944090,-38.718830
-3.944080,-38.718811
-3.944100,-38.718853
-3.944088,-38.718826
-3.944077,-38.718807
-3.944075,-38.718811
-3.944075,-38.718807
-3.944074,-38.718803
-3.944078,-38.718803
-3.944081,-38.718807
-3.944063,-38.718803
-3.944099,-38.718803
-3.944084,-38.718792
-3.944069,-38.718788
-3.944064,-38.718788
-3.944046,-38.718796
-3.944055,-38.718796
-3.944075,-38.718788
-3.944058,-38.718788
-3.944123,-38.718807
-3.944093,-38.718773
-3.944094,-38.718769
-3.944081,-38.718769
-3.944088,-38.718777
-3.944101,-38.718800
-3.944089,-38.718792
-3.944077,-38.718792
-3.944113,-38.718796
-3.944060,-38.718758
-3.944083,-38.718796
-3.944083,-38.718796
-3.944094,-38.718796
-3.944100,-38.718796
-3.944065,-38.718765
-3.944079,-38.718769
-3.944084,-38.718788
-3.944069,-38.718777
-3.944079,-38.718773
-3.944078,-38.718777
-3.944063,-38.718761
-3.944066,-38.718765
-3.944068,-38.718761
-3.944068,-38.718777
-3.944067,-38.718777
-3.944055,-38.718777
-3.944075,-38.718784
-3.944074,-38.718769
-3.944077,-38.718773
-3.944059,-38.718769
-3.944050,-38.718761
-3.944063,-38.718773
-3.944049,-38.718765
-3.944057,-38.718784
-3.944054,-38.718784
-3.944099,-38.718803
-3.944089,-38.718788
-3.944082,-38.718777
-3.944082,-38.718784
-3.944067,-38.718769
-3.944092,-38.718784
-3.944108,-38.718796
-3.944082,-38.718788
-3.944104,-38.718792
-3.944089,-38.718800
-3.944107,-38.718803
-3.944108,-38.718803
-3.944090,-38.718803
-3.944080,-38.718761
-3.944077,-38.718777
-3.944082,-38.718788
-3.944087,-38.718784
-3.944068,-38.718769
-3.944041,-38.718750
-3.944060,-38.718761
-3.944036,-38.718788
-3.944067,-38.718769
-3.944041,-38.718796
-3.944016,-38.718815
-3.943995,-38.718822
-3.944050,-38.718819
-3.944059,-38.718822
-3.944101,-38.718811
-3.944122,-38.718807
-3.944096,-38.718777
-3.944041,-38.718784
-3.944053,-38.718773
-3.944059,-38.718769
-3.944037,-38.718792
-3.944064,-38.718777
-3.944060,-38.718788
-3.944056,-38.718777
-3.944055,-38.718773
-3.944049,-38.718773
-3.944044,-38.718769
-3.944043,-38.718765
-3.944047,-38.718769
-3.944030,-38.718784
-3.944035,-38.718792
-3.944032,-38.718777
-3.944033,-38.718803
-3.944035,-38.718807
-3.944033,-38.718792
-3.944028,-38.718777
-3.944027,-38.718796
-3.944030,-38.718792
-3.944032,-38.718792
-3.944036,-38.718792
-3.944040,-38.718761
-3.944043,-38.718773
-3.944047,-38.718784
-3.944049,-38.718784
-3.944055,-38.718784
-3.944057,-38.718784
-3.944060,-38.718784
-3.944063,-38.718788
-3.944062,-38.718792
-3.944064,-38.718792
-3.944068,-38.718792
-3.944070,-38.718796
-3.944070,-38.718792
-3.944072,-38.718800
-3.944085,-38.718777
-3.944073,-38.718811
-3.944070,-38.718800
-3.944072,-38.718807
-3.944071,-38.718800
-3.944066,-38.718792
-3.944064,-38.718796
-3.944069,-38.718788
-3.944067,-38.718788
-3.944061,-38.718792
-3.944060,-38.718788
-3.944060,-38.718788
-3.944065,-38.718788
-3.944058,-38.718796
-3.944065,-38.718792
-3.944063,-38.718788
-3.944060,-38.718792
-3.944056,-38.718777
-3.944064,-38.718761
-3.944066,-38.718758
-3.944062,-38.718758
-3.944058,-38.718754
-3.944057,-38.718758
-3.944048,-38.718769
-3.944041,-38.718777
-3.944038,-38.718784
-3.944056,-38.718758
-3.944041,-38.718792
-3.944037,-38.718784
-3.944038,-38.718796
-3.944021,-38.718788
-3.944046,-38.718792
-3.944061,-38.718792
-3.944069,-38.718807
-3.944099,-38.718807
-3.944117,-38.718803
-3.944112,-38.718792
-3.944108,-38.718792
-3.944112,-38.718800
-3.944094,-38.718811
-3.944100,-38.718811
-3.944083,-38.718815
-3.944095,-38.718815
-3.944091,-38.718811
-3.944080,-38.718811
-3.944076,-38.718815
-3.944079,-38.718815
-3.944079,-38.718819
-3.944090,-38.718819
-3.944085,-38.718803
-3.944079,-38.718807
-3.944073,-38.718807
-3.944069,-38.718803
-3.944066,-38.718807
-3.944066,-38.718803
-3.944068,-38.718807
-3.944062,-38.718792
-3.944059,-38.718807
-3.944066,-38.718800
-3.944062,-38.718811
-3.944065,-38.718800
-3.944067,-38.718803
-3.944072,-38.718792
-3.944076,-38.718769
-3.944068,-38.718773
-3.944060,-38.718777
-3.944060,-38.718796
-3.944056,-38.718800
-3.944050,-38.718807
-3.944051,-38.718792
-3.944086,-38.718811
-3.944070,-38.718807
-3.944055,-38.718788
-3.944042,-38.718784
-3.944045,-38.718777
-3.944050,-38.718777
-3.944054,-38.718777
-3.944060,-38.718784
-3.944066,-38.718788
-3.944066,-38.718792
-3.944083,-38.718796
-3.944075,-38.718807
-3.944069,-38.718803
-3.944083,-38.718800
-3.944091,-38.718800
-3.944099,-38.718807
-3.944094,-38.718807
-3.944091,-38.718803
-3.944075,-38.718803
-3.944075,-38.718807
-3.944079,-38.718807
-3.944064,-38.718777
-3.944051,-38.718796
-3.944056,-38.718796
-3.944060,-38.718796
-3.944036,-38.718777
-3.944042,-38.718769
-3.944069,-38.718788
-3.944041,-38.718811
-3.944030,-38.718826
-3.944033,-38.718834
-3.944025,-38.718777
-3.944039,-38.718826
-3.944040,-38.718826
-3.944038,-38.718815
-3.944038,-38.718826
-3.944059,-38.718819
-3.944058,-38.718819
-3.944058,-38.718811
-3.944064,-38.718815
-3.944053,-38.718803
-3.944054,-38.718811
-3.944054,-38.718811
-3.944053,-38.718796
-3.944059,-38.718777
-3.944054,-38.718822
-3.944068,-38.718777
-3.944067,-38.718788
-3.944055,-38.718796
-3.944069,-38.718792
-3.944070,-38.718800
-3.944068,-38.718800
-3.944070,-38.718792
-3.944069,-38.718796
-3.944069,-38.718792
-3.944049,-38.718761
-3.944048,-38.718777
-3.944066,-38.718761
-3.944047,-38.718758
-3.944062,-38.718773
-3.944057,-38.718777
-3.944052,-38.718803
-3.944061,-38.718796
-3.944065,-38.718792
-3.944061,-38.718784
-3.944042,-38.718777
-3.944039,-38.718788
-3.944056,-38.718773
-3.944089,-38.718800
-3.944078,-38.718803
-3.944080,-38.718796
-3.944077,-38.718800
-3.944080,-38.718834
-3.944074,-38.718788
-3.944063,-38.718792
-3.944042,-38.718796
-3.944042,-38.718815
-3.944053,-38.718819
-3.944069,-38.718826
-3.944061,-38.718830
-3.944066,-38.718815
-3.944066,-38.718815
-3.944053,-38.718826
-3.944055,-38.718822
-3.944058,-38.718803
-3.944049,-38.718826
-3.944052,-38.718815
-3.944051,-38.718803
-3.944053,-38.718807
-3.944045,-38.718807
-3.944056,-38.718811
-3.944041,-38.718819
-3.944055,-38.718800
-3.944036,-38.718815
-3.944038,-38.718819
-3.944031,-38.718777
-3.944034,-38.718796
-3.944021,-38.718773
-3.944060,-38.718773
-3.944062,-38.718773
-3.944060,-38.718773
-3.944058,-38.718765
-3.944022,-38.718777
-3.944013,-38.718796
-3.944033,-38.718811
-3.944041,-38.718822
-3.944047,-38.718845
-3.944059,-38.718819
-3.944071,-38.718819
-3.944059,-38.718815
-3.944010,-38.718750
-3.944020,-38.718754
-3.944033,-38.718819
-3.944006,-38.718777
-3.944034,-38.718819
-3.944031,-38.718822
-3.944048,-38.718819
-3.944060,-38.718830
-3.944062,-38.718834
-3.944054,-38.718819
-3.944094,-38.718845
-3.944086,-38.718845
-3.944091,-38.718861
-3.944088,-38.718849
-3.944046,-38.718746
-3.944062,-38.718796
-3.944077,-38.718784
-3.944069,-38.718796
-3.944059,-38.718773
-3.944053,-38.718769
-3.944049,-38.718773
-3.944027,-38.718796
-3.944035,-38.718800
-3.944072,-38.718777
-3.944067,-38.718769
-3.944065,-38.718773
-3.944060,-38.718758
-3.944037,-38.718765
-3.944025,-38.718742
-3.944057,-38.718800
-3.944041,-38.718811
-3.944062,-38.718819
-3.944064,-38.718807
-3.944071,-38.718803
-3.944063,-38.718815
-3.944075,-38.718819
-3.944070,-38.718803
-3.944059,-38.718815
-3.944057,-38.718800
-3.944051,-38.718796
-3.944054,-38.718803
-3.944054,-38.718803
-3.944057,-38.718803
-3.944058,-38.718807
-3.944037,-38.718796
-3.944049,-38.718811
-3.944062,-38.718819
-3.944059,-38.718811
-3.944056,-38.718803
-3.944043,-38.718819
-3.944024,-38.718758
-3.944010,-38.718723
-3.944042,-38.718800
-3.944054,-38.718826
-3.944052,-38.718815
-3.943992,-38.718662
-3.944020,-38.718750
-3.944020,-38.718758
-3.944033,-38.718803
-3.944032,-38.718792
-3.944027,-38.718788
-3.944032,-38.718788
-3.944034,-38.718803
-3.944024,-38.718765
-3.944012,-38.718735
-3.944004,-38.718681
-3.944010,-38.718697
-3.944008,-38.718689
-3.943994,-38.718670
-3.944060,-38.718800
-3.944058,-38.718803
-3.944040,-38.718815
-3.944016,-38.718727
-3.944033,-38.718777
-3.944015,-38.718716
-3.944029,-38.718750
-3.944023,-38.718731
-3.944032,-38.718773
-3.944023,-38.718735
-3.944027,-38.718746
-3.944056,-38.718819
-3.944061,-38.718750
-3.944028,-38.718693
-3.944045,-38.718735
-3.944037,-38.718723
-3.944036,-38.718750
-3.944021,-38.718708
-3.944015,-38.718685
-3.944029,-38.718761
-3.944008,-38.718792
-3.944040,-38.718807
-3.944049,-38.718731
-3.944055,-38.718773
-3.944048,-38.718773
-3.944050,-38.718773
-3.944054,-38.718777
-3.944039,-38.718819
-3.944057,-38.718807
-3.943994,-38.718746
-3.944009,-38.718792
-3.944037,-38.718758
-3.944014,-38.718784
-3.944032,-38.718773
-3.944059,-38.718777
-3.944049,-38.718777
-3.944084,-38.718792
-3.944041,-38.718800
-3.944002,-38.718777
-3.943997,-38.718750
-3.944001,-38.718761
-3.944027,-38.718788
-3.944035,-38.718800
-3.944094,-38.718861
-3.944045,-38.718830
-3.944038,-38.718830
-3.944039,-38.718811
-3.944047,-38.718800
-3.944034,-38.718765
-3.944013,-38.718731
-3.943972,-38.718628
-3.943992,-38.718670
-3.943988,-38.718685
-3.944077,-38.718887
-3.944099,-38.718922
-3.944056,-38.718861
-3.944060,-38.718826
-3.944045,-38.718773
-3.944047,-38.718742
-3.944014,-38.718754
-3.944021,-38.718784
-3.944067,-38.718830
-3.944072,-38.718826
-3.944070,-38.718815
-3.944050,-38.718803
-3.944066,-38.718811
-3.944051,-38.718803
-3.944051,-38.718807
-3.944065,-38.718811
-3.944048,-38.718784
-3.944051,-38.718788
-3.944053,-38.718792
-3.944039,-38.718800
-3.944064,-38.718826
-3.944054,-38.718811
-3.944057,-38.718803
-3.944054,-38.718807
-3.944050,-38.718803
-3.944055,-38.718792
-3.944058,-38.718784
-3.944060,-38.718784
-3.944059,-38.718784
-3.944056,-38.718784
-3.944064,-38.718769
-3.944077,-38.718754
-3.944069,-38.718769
-3.944055,-38.718800
-3.944053,-38.718807
-3.944054,-38.718811
-3.944072,-38.718769
-3.944080,-38.718761
-3.944070,-38.718784
-3.944066,-38.718784
-3.944066,-38.718754
-3.944070,-38.718788
-3.944058,-38.718773
-3.944031,-38.718777
-3.944051,-38.718784
-3.944024,-38.718784
-3.944027,-38.718792
-3.944069,-38.718761
-3.944066,-38.718765
-3.944051,-38.718788
-3.944067,-38.718845
-3.944119,-38.718834
-3.944108,-38.718849
-3.944138,-38.718849
-3.944054,-38.718807
-3.944036,-38.718800
-3.944046,-38.718731
-3.944073,-38.718765
-3.944120,-38.718819
-3.944286,-38.719067
-3.944061,-38.718792
-3.944072,-38.718796
-3.944072,-38.718792
-3.944050,-38.718777
-3.944051,-38.718765
-3.944042,-38.718769
-3.944041,-38.718777
-3.944057,-38.718800
-3.944054,-38.718803
-3.944053,-38.718777
-3.944056,-38.718796
-3.944050,-38.718777
-3.944047,-38.718788
-3.944065,-38.718822
-3.944065,-38.718830
